region_id,Comuna,antagonism_2023,HHI_2022,Coalición_DER_IND,Coalicion_DER,Votos derecha,Votos PDG,Edad_Tramo1_2022,Edad_Tramo2_2022,Poblacion 2022_hombre,Poblacion 2022_mujer,NO,riqueza_2022,T_Homicidio_2022,Poblacion 2022
5,ALGARROBO,0.0538584349743822,0.1917496535574278,1.0,1.0,0.6218089602704987,0.0,0.2378371868978805,0.7621628131021194,0.490486426239949,0.5095135737600509,0.3518462924046833,9810800,0.0,15668
13,ALHUE,0.0632768420005124,0.3543988169327013,0.0,0.0,0.5486858573216521,0.065081351689612,0.2820841341020713,0.7179158658979287,0.5072852118573103,0.4927147881426896,0.5004638218923934,1903900,0.0,7649
8,ALTO BIOBIO,0.1647222502063938,0.2680786271266541,0.0,0.0,0.7247301275760549,0.0785083415112855,0.3076131687242798,0.6923868312757202,0.5078891257995736,0.4921108742004264,0.2128106018774158,184000,0.0,6793
3,ALTO DEL CARMEN,0.0648284004254433,0.3018915553294263,0.0,0.0,0.5450132391879965,0.1195939982347749,0.2260450160771704,0.7739549839228296,0.5246776345042241,0.4753223654957759,0.3301415487094088,159600,0.0,5767
1,ALTO HOSPICIO,0.0586224695454766,0.2310879343465889,0.0,0.0,0.5896153323365503,0.128856871007204,0.3430593984692227,0.6569406015307773,0.5000535320442817,0.4999464679557183,0.542694965449161,24738900,12.3849835717,137263
10,ANCUD,0.0741874932820516,0.2995702674881492,1.0,0.0,0.5595771789910812,0.0674814779859374,0.2349499677211104,0.7650500322788896,0.4942511437515049,0.5057488562484951,0.5408491298082253,8795000,2.352553697,42507
4,ANDACOLLO,0.0584416432697111,0.229654072528683,1.0,0.0,0.413079595227307,0.0980214469113427,0.2718534094322619,0.728146590567738,0.4922991689750692,0.5077008310249308,0.4696164344203419,3630500,16.9090294217,11828
9,ANGOL,0.0625905841510042,0.2039355502501432,1.0,1.0,0.7193955138765682,0.0482828538841718,0.2617549978202653,0.7382450021797347,0.4754768708905462,0.5245231291094538,0.4378930485797493,11632800,5.3119909342,56476
12,ANTARTICA,0.0,1.0,0.0,0.0,0.8545454545454545,0.0363636363636363,0.0588235294117647,0.9411764705882352,0.696,0.304,0.0377358490566037,1500,0.0,144
2,ANTOFAGASTA,0.0945347444165786,0.1204366832260122,1.0,0.0,0.5166544043876664,0.1062526475375114,0.3256776130659523,0.6743223869340477,0.4972438226198697,0.5027561773801303,0.6150605900720507,167740800,3.1972010788,437883
8,ANTUCO,0.0676014629140831,0.2508096869099189,1.0,0.0,0.6236597569692638,0.0847033595425303,0.2590717299578059,0.7409282700421941,0.4832746478873239,0.516725352112676,0.5861937452326468,154700,0.0,4317
8,ARAUCO,0.0848412628171604,0.1650841388567629,1.0,0.0,0.6751278928136419,0.0739585870889159,0.2596166498530637,0.7403833501469362,0.4840630709886986,0.5159369290113014,0.5701838588200546,7744300,5.1501261781,38834
15,ARICA,0.0748585238724657,0.2130336213671715,0.0,0.0,0.5140254768662135,0.0765437453444845,0.3116783341832849,0.6883216658167152,0.4993743160672492,0.5006256839327508,0.5877224056954142,38194400,7.9012345679,253125
11,AYSEN,0.0741570145791131,0.1710140934152223,0.0,0.0,0.4856086612094006,0.0446263533139688,0.2476457623722701,0.7523542376277299,0.5070823049683443,0.4929176950316558,0.5795847750865052,4284900,0.0,25138
13,BUIN,0.0721761562552887,0.2097384338378812,1.0,1.0,0.5930032691853999,0.0649624212193724,0.2823991381021236,0.7176008618978764,0.4937190489012726,0.5062809510987274,0.4740715958514553,33454500,8.7697758445,114028
16,BULNES,0.0562215193063174,0.2299041109156422,1.0,0.0,0.6990072519890164,0.0499190311905935,0.2577885898140155,0.7422114101859845,0.477595072611177,0.5224049273888229,0.4205743677668238,7047800,0.0,22703
5,CABILDO,0.054908342193252,0.2368321277465827,0.0,0.0,0.5123783506914803,0.0,0.2610068259385665,0.7389931740614335,0.4893154190658989,0.5106845809341011,0.6543021864462091,4610200,4.8227634435,20735
12,CABO DE HORNOS(EX-NAVARINO),0.0312062841530748,0.4511023832381219,0.0,0.0,0.7105855855855856,0.0247747747747747,0.272300469483568,0.7276995305164319,0.5367594575303355,0.4632405424696645,0.1438278595696489,810300,50.5561172902,1978
8,CABRERO,0.0591358623254155,0.2138854462436916,1.0,0.0,0.6917558768347865,0.0841518596181437,0.2633697210276767,0.7366302789723232,0.4863404005698483,0.5136595994301517,0.5478159266582779,6296300,0.0,30937
2,CALAMA,0.0559886642833823,0.1201388487776796,0.0,0.0,0.5918629184010948,0.1281005873296458,0.2943182002235143,0.7056817997764856,0.5002943926852076,0.4997056073147923,0.6150440386342508,39096300,7.7091095978,194575
10,CALBUCO,0.095418947366772,0.3017310734210559,1.0,0.0,0.6644916023604176,0.0839763958238765,0.2649888971132494,0.7350111028867505,0.5022124664645831,0.4977875335354169,0.3496946741903068,7331000,8.0599661481,37221
3,CALDERA,0.066249936625675,0.1899193972937121,0.0,0.0,0.4919440197577325,0.0867928966247206,0.2705161854768154,0.7294838145231846,0.5102651257647859,0.4897348742352141,0.5361622073578596,4591100,20.2572672946,19746
5,CALERA,0.0594493117397917,0.202530025934042,1.0,0.0,0.5268891818749566,0.0,0.2928666515146595,0.7071333484853405,0.4846218995765275,0.5153781004234724,0.667710843373494,13671200,1.8584251705,53809
13,CALERA DE TANGO,0.0545903649330098,0.189098076352238,1.0,1.0,0.6298302196799124,0.0471003468630195,0.2912739099277879,0.7087260900722121,0.4975705433958899,0.50242945660411,0.4412052117263844,11650700,3.393281303,29470
5,CALLE LARGA,0.0557745082514781,0.1932651491754236,0.0,0.0,0.4673755437409376,0.0,0.2741188318227593,0.7258811681772407,0.488828125,0.511171875,0.5670900055218111,4216600,0.0,17097
15,CAMARONES,0.0822277615622011,0.9662950352977692,0.0,0.0,0.4339440694310511,0.0906460945033751,0.2028776978417266,0.7971223021582734,0.5140640155189137,0.4859359844810863,0.1485587583148558,1021100,0.0,1242
1,CAMIÑA,0.1796437337316163,0.626496534341525,1.0,0.0,0.7523167649536647,0.0951979780960404,0.2847411444141689,0.715258855585831,0.5219047619047619,0.4780952380952381,0.2690140845070422,13800,0.0,1383
4,CANELA,0.1243313492818531,0.2524629929104952,0.0,0.0,0.3584407003633961,0.0949785265939874,0.2258388587502511,0.7741611412497489,0.4950430472214975,0.5049569527785025,0.6606595783023969,517400,10.4854776135,9537
9,CARAHUE,0.1208777157744339,0.3897013677551962,1.0,1.0,0.6847673875836315,0.0475338416057258,0.2563380281690141,0.7436619718309859,0.4961781152208485,0.5038218847791515,0.5106700492463812,1105500,7.8397553996,25511
5,CARTAGENA,0.0771460256767095,0.169818771464025,0.0,0.0,0.5622900763358779,0.0,0.2642561097613263,0.7357438902386737,0.4919394475572594,0.5080605524427406,0.4825195901145268,5044300,38.112661026,26238
5,CASABLANCA,0.0566802978800886,0.3147855888006957,0.0,0.0,0.6275161588180979,0.0,0.2726858444887496,0.7273141555112503,0.491887424420375,0.5081125755796251,0.4416747599007229,48587200,6.6909772172,29891
10,CASTRO,0.0829655523017419,0.1875220500127506,1.0,1.0,0.5661328726831318,0.0819832858676875,0.2426015141087405,0.7573984858912595,0.4875347756799827,0.5124652243200173,0.5226638998767914,11049100,2.0738712955,48219
5,CATEMU,0.0596557137944716,0.3730897370698317,1.0,0.0,0.498850852788194,0.0,0.2678531200720883,0.7321468799279117,0.4960377676614398,0.5039622323385601,0.5822139091991158,3415800,0.0,15482
7,CAUQUENES,0.0659992254351261,0.1883774167650531,1.0,0.0,0.7271757173345981,0.0476246937001027,0.2411472789973925,0.7588527210026075,0.4786102439588391,0.5213897560411608,0.355419559844651,3850000,4.5119227559,44327
8,CAÑETE,0.0620128246828498,0.2120999930522172,1.0,1.0,0.7461819389110226,0.0561088977423638,0.2580737763743361,0.7419262236256638,0.4799018546582954,0.5200981453417045,0.4775558166862514,4837100,8.0539074874,37249
13,CERRILLOS,0.0802034579323916,0.3057899741797492,1.0,0.0,0.520558156870967,0.0655764437300533,0.30111374840241,0.6988862515975899,0.4903884950141218,0.5096115049858781,0.6155965246874338,61433600,4.4514678715,89858
13,CERRO NAVIA,0.0602259085608202,0.3425341108369614,1.0,0.0,0.4872706339497733,0.0765920702309851,0.3063792189432762,0.6936207810567238,0.495811022474775,0.504188977525225,0.6655340171025904,9550500,5.6534305723,141507
10,CHAITEN,0.0603689463665156,0.2063732984750237,0.0,0.0,0.6192684183410613,0.0592478104070067,0.2076948157808933,0.7923051842191067,0.5250311332503114,0.4749688667496887,0.3539057841383423,389300,0.0,5050
7,CHANCO,0.0719124761656229,0.458872840060914,0.0,0.0,0.73467417538214,0.0436041834271922,0.2276958882854926,0.7723041117145074,0.4955691888207225,0.5044308111792775,0.4309422828692605,487800,21.5076889988,9299
3,CHAÑARAL,0.0576646988560979,0.2223949337882568,0.0,0.0,0.3719285840551529,0.21530846738554,0.2733269204342449,0.7266730795657551,0.5041279130525655,0.4958720869474344,0.5764957264957264,2710800,0.0,13109
6,CHEPICA,0.0824568142991977,0.3442906430068488,0.0,0.0,0.658050295561567,0.0678288748622382,0.2415032679738562,0.7584967320261438,0.5038395235856449,0.4961604764143551,0.5086100013776003,3275300,0.0,16060
8,CHIGUAYANTE,0.0911544109161289,0.1842669643732806,0.0,0.0,0.5447376995764093,0.072792440534376,0.2956368652219681,0.7043631347780319,0.4740981220788671,0.525901877921133,0.684522920710766,15307800,5.4566090449,91632
11,CHILE CHICO,0.1279059540549094,0.3582198162558034,1.0,0.0,0.4545080279950597,0.0419925895430218,0.194749086075108,0.805250913924892,0.5114370959721531,0.4885629040278468,0.4683326152520465,1443100,0.0,5148
16,CHILLAN,0.0675742090027191,0.226176818375154,0.0,0.0,0.5769126985554696,0.0416449297522891,0.2823815742609522,0.7176184257390479,0.4632271596569872,0.5367728403430128,0.5525494523750193,57360900,5.4584340249,201523
16,CHILLAN VIEJO,0.0470584572866965,0.2086591846784524,1.0,0.0,0.6173644881983157,0.0527220970228917,0.2768074934139916,0.7231925065860084,0.4638572865877254,0.5361427134122746,0.5525494523750193,8071700,0.0,34755
6,CHIMBARONGO,0.0557977284243652,0.3323789743734918,1.0,1.0,0.5990742883591761,0.0776672066651238,0.2489358842242036,0.7510641157757965,0.5015420069813943,0.4984579930186057,0.5202216419336348,7788500,0.0,38117
9,CHOLCHOL,0.0755966132286605,0.1926465924467376,1.0,0.0,0.6608265092363359,0.0594172538564083,0.2693804250224483,0.7306195749775516,0.4894578313253012,0.5105421686746988,0.4635225126726965,213900,0.0,12504
10,CHONCHI,0.0467706655655126,0.3894397475744035,1.0,1.0,0.5449192208968745,0.1271327193114902,0.2374571517606731,0.7625428482393269,0.4969992798271585,0.5030007201728415,0.446849632779281,6534900,6.1900340452,16155
11,CISNES,0.1743786506481362,0.2443696896311781,1.0,1.0,0.6765873015873016,0.0325396825396825,0.2254030016675931,0.7745969983324069,0.5211330935251799,0.4788669064748201,0.3397183098591549,616900,17.0735871607,5857
16,COBQUECURA,0.0823771794917592,0.2298617316749184,0.0,0.0,0.6543778801843319,0.0435227854582693,0.1910985517484987,0.8089014482515012,0.4909961249145201,0.5090038750854798,0.2796052631578947,182000,0.0,5252
10,COCHAMO,0.1412187823046872,0.1749877081140702,1.0,0.0,0.0,0.0845790715971675,0.2028921998247151,0.7971078001752848,0.5250917992656059,0.4749082007343941,0.1687419493344783,280300,0.0,3976
11,COCHRANE,0.0784447812292599,0.4711370429057476,0.0,0.0,0.6125373134328358,0.0250746268656716,0.2477477477477477,0.7522522522522522,0.5175097276264592,0.4824902723735408,0.3713235294117647,314100,26.8961807423,3718
6,CODEGUA,0.0743839534563765,0.4069344641980499,1.0,0.0,0.552190641678044,0.0919697157751023,0.2528096533774991,0.7471903466225008,0.5070140280561122,0.4929859719438877,0.5179445350734094,4770100,6.9545865498,14379
16,COELEMU,0.1003984777738632,0.3457298270765943,0.0,0.0,0.6396024751546971,0.0506281642602662,0.2527694929697486,0.7472305070302514,0.4822888283378747,0.5177111716621253,0.5256667018024666,4631300,11.8455342336,16884
16,COIHUECO,0.0767341383014985,0.3167879988900079,1.0,1.0,0.7534238758274366,0.0533553983108879,0.2760647870425914,0.7239352129574085,0.4840668371073776,0.5159331628926224,0.3349026708918062,3809400,3.4792290029,28742
6,COINCO,0.081664183756405,0.2348069998814836,1.0,0.0,0.585210860774119,0.0704794916233391,0.25,0.75,0.5071029529130088,0.4928970470869912,0.511123787792356,748900,0.0,7939
7,COLBUN,0.0575441242717896,0.1579185473440708,1.0,0.0,0.6647521636506688,0.0750590086546026,0.2697996918335901,0.7302003081664099,0.4868443292579864,0.5131556707420136,0.504104558219918,1515300,8.6798021005,23042
1,COLCHANE,0.0463482927884524,0.7549966267498733,0.0,0.0,0.8479923518164436,0.1032504780114722,0.2829545454545454,0.7170454545454545,0.524341580207502,0.475658419792498,0.1840942562592047,30800,63.3312222926,1579
13,COLINA,0.2448034896558709,0.1726096200587669,1.0,1.0,0.7155933992665852,0.049672185798422,0.2648872756049098,0.7351127243950902,0.4975598471733031,0.502440152826697,0.4103552859618717,107440000,8.4318365067,189757
9,COLLIPULLI,0.0777073773889511,0.2020434232558161,1.0,1.0,0.7744290929916243,0.0441692318705705,0.2663510314507947,0.7336489685492052,0.482273466070703,0.517726533929297,0.5183700188200638,4670400,7.5832259043,26374
6,COLTAUCO,0.068349245749797,0.5191749393185564,1.0,1.0,0.5635340555975477,0.0758377425044091,0.2690285529402249,0.7309714470597751,0.5028458450662033,0.4971541549337966,0.5914105594956659,6524800,0.0,21725
4,COMBARBALA,0.0580296845083996,0.3818859673828761,0.0,0.0,0.4479923256132657,0.0809921885706454,0.2063728813559322,0.7936271186440678,0.4888230541341233,0.5111769458658767,0.4866968581941692,1055200,0.0,13883
8,CONCEPCION,0.0834364618624781,0.1593032160472405,0.0,0.0,0.5603229544576652,0.0597056751823435,0.3579787198736202,0.6420212801263798,0.4816235381492804,0.5183764618507195,0.6232792527040315,169928700,3.7644775533,239077
13,CONCHALI,0.0550104741094834,0.2665297352990314,1.0,0.0,0.4883659402631762,0.065975074845088,0.2977691094496815,0.7022308905503184,0.4927885493117172,0.5072114506882828,0.6343145757869496,60870500,5.0491207317,138638
5,CONCON,0.2120708196423038,0.1154919052773279,1.0,0.0,0.6439769488164581,0.0,0.2879229456923514,0.7120770543076486,0.4808312824719715,0.5191687175280284,0.5897136177673875,22946100,0.0,47097
7,CONSTITUCION,0.0648391404366601,0.2123722338242893,0.0,0.0,0.60091456265145,0.0905964199171421,0.263141922648953,0.736858077351047,0.4924262346815337,0.5075737653184663,0.6129737980157721,19455500,0.0,50547
8,CONTULMO,0.0723126518247592,0.3314142179149623,1.0,0.0,0.7705274605764002,0.0581837955410549,0.2354107648725212,0.7645892351274788,0.4918599918599918,0.5081400081400081,0.3483054307880767,519200,0.0,6346
3,COPIAPO,0.072374329817953,0.1102837678004068,0.0,0.0,0.5115781126090404,0.0882897171556965,0.2981143657324816,0.7018856342675184,0.5000891258689772,0.4999108741310227,0.5462918712256158,48739800,1.1473876851,174309
4,COQUIMBO,0.0754820871103558,0.1723248301197943,1.0,0.0,0.4722736550203674,0.0712987762343154,0.2986468131561242,0.7013531868438757,0.4814573489181795,0.5185426510818204,0.5487135341941655,54151300,6.7541707004,266502
8,CORONEL,0.071242203915056,0.2197630475509605,1.0,0.0,0.5944942403675112,0.084088907310502,0.2847599219944131,0.7152400780055869,0.4793248330802671,0.5206751669197329,0.7081400770571057,37882400,5.4893780535,127519
14,CORRAL,0.0543216843587353,0.4392248601167267,1.0,0.0,0.3656401944894651,0.0476499189627228,0.2555555555555555,0.7444444444444445,0.4939814814814814,0.5060185185185185,0.542766631467793,743200,0.0,5439
11,COYHAIQUE,0.0763426062368589,0.1984226214897582,0.0,0.0,0.5187797505298635,0.0435009207463257,0.2371879467722424,0.7628120532277576,0.4915525014225062,0.5084474985774937,0.5258636446719064,12925200,1.6206142128,61705
9,CUNCO,0.071074151530542,0.2385181208456024,1.0,0.0,0.6745454545454546,0.0627272727272727,0.2489565943238731,0.7510434056761269,0.4947033898305085,0.5052966101694916,0.3960301454198068,3894600,11.0699064593,18067
9,CURACAUTIN,0.0628906615035979,0.2584527837355972,1.0,0.0,0.7255305811766813,0.0462971254589415,0.2456909739928607,0.7543090260071392,0.4775213494248006,0.5224786505751994,0.3473673831591402,2186200,0.0,18207
13,CURACAVI,0.0637379933644676,0.1682676023227165,1.0,1.0,0.5731844120372629,0.0569184997317465,0.2781192516487953,0.7218807483512046,0.4955712251207058,0.5044287748792942,0.5310200835156095,11843700,0.0,37479
10,CURACO DE VELEZ,0.0683176045623387,0.7847221069970087,0.0,0.0,0.5554906542056075,0.0811915887850467,0.2288669064748201,0.7711330935251799,0.4883572567783094,0.5116427432216906,0.3909149072296865,645800,0.0,4104
8,CURANILAHUE,0.0592155284242731,0.3417711863404619,1.0,0.0,0.6352518792774599,0.072871087176035,0.2531335982879853,0.7468664017120147,0.4837910066230295,0.5162089933769705,0.6122257970166716,4142100,14.7357873331,33931
9,CURARREHUE,0.1144962735890869,0.3586168357846382,0.0,0.0,0.6459143968871596,0.0594033722438391,0.277713492247165,0.722286507752835,0.4982764563943467,0.5017235436056532,0.2016271666077113,544900,0.0,7845
7,CUREPTO,0.1400487280923815,0.2879235117779484,0.0,0.0,0.5730787001386108,0.0620668412136146,0.2142417402011081,0.7857582597988918,0.497130933750652,0.5028690662493479,0.5245250921462999,836400,0.0,9285
7,CURICO,0.0921728969603496,0.2297596942763007,0.0,0.0,0.5643330737830632,0.0628937495575847,0.2716306656514247,0.7283693343485753,0.4842254877594134,0.5157745122405866,0.5714208046393621,72112800,3.5768364074,167746
10,DALCAHUE,0.0946266338167529,0.3169791715733294,1.0,1.0,0.6211336391889892,0.0939766168417936,0.2556623577505248,0.7443376422494752,0.493010891004202,0.506989108995798,0.325555860554488,4154300,0.0,15275
3,DIEGO DE ALMAGRO,0.0528644118838784,0.1898235546650869,1.0,1.0,0.4131490474411655,0.1692192753081808,0.228516562650024,0.771483437349976,0.5098638784770172,0.4901361215229828,0.6880187416331994,2963900,0.0,14137
6,DOÑIHUE,0.0617003505121804,0.219242267322188,1.0,0.0,0.5424237757930397,0.0729134585771481,0.2559964133602331,0.7440035866397668,0.4977908689248895,0.5022091310751104,0.6725310813980765,10189500,4.3105306263,23199
13,EL BOSQUE,0.080324906845213,0.2051181553447978,0.0,0.0,0.4709937140865184,0.053986888416602,0.3068308518090953,0.6931691481909047,0.4909639467539949,0.509036053246005,0.6157989228007181,17295500,7.0093048522,171201
16,EL CARMEN,0.0685563335650137,0.3534907003053632,0.0,0.0,0.724380847550908,0.038084755090809,0.238595971563981,0.761404028436019,0.4848923841059602,0.5151076158940397,0.2383379067032536,1095200,0.0,12272
13,EL MONTE,0.0801528650071265,0.1667239485787956,0.0,0.0,0.5622651222651223,0.0735649935649935,0.2926670464718808,0.7073329535281192,0.4945897644191714,0.5054102355808286,0.4671706446954897,5805400,7.2852667622,41179
5,EL QUISCO,0.0573059877837985,0.3707677495549957,1.0,0.0,0.5409573045726,0.0,0.2352751504729148,0.7647248495270851,0.4903028240898264,0.5096971759101735,0.485336770866903,1557800,16.363041344,18334
5,EL TABO,0.0382068285090727,0.1987352415869102,0.0,0.0,0.5287334593572779,0.0,0.2265303412561412,0.7734696587438588,0.4944863609982589,0.5055136390017412,0.4492307692307692,6246700,0.0,14804
7,EMPEDRADO,0.0641190571179519,0.2094655625312675,1.0,0.0,0.794564865739243,0.0553219022969912,0.2522783761391881,0.747721623860812,0.5055589870290302,0.4944410129709697,0.4009123162696401,913100,0.0,4194
9,ERCILLA,0.1253294012270204,0.4001700289258188,0.0,0.0,0.8102328099621007,0.0343800757985923,0.2721814543028685,0.7278185456971314,0.4866421372580387,0.5133578627419613,0.388051948051948,209800,23.7445090823,8423
13,ESTACION CENTRAL,0.0806806617741669,0.1929340881720236,0.0,0.0,0.5315606936416185,0.0504998299897993,0.3250242751132248,0.6749757248867752,0.5025290243736845,0.4974709756263154,0.6440865934115677,77956700,8.7290502793,217664
8,FLORIDA,0.0606871309154672,0.3316721794482591,0.0,0.0,0.6799157673071861,0.0926559620952882,0.2407239819004525,0.7592760180995475,0.4936708860759494,0.5063291139240507,0.4038312992430094,2158700,0.0,11863
9,FREIRE,0.0591832248892008,0.2627509799464316,0.0,0.0,0.661700756965695,0.0526654855854404,0.2618782220983698,0.7381217779016302,0.492351961229744,0.507648038770256,0.4318954248366013,5437600,0.0,25483
3,FREIRINA,0.0621972582248716,0.3352683054891242,0.0,0.0,0.4173754556500607,0.0786755771567436,0.2608292795923094,0.7391707204076905,0.5063815108658158,0.4936184891341842,0.4640522875816993,1058300,12.8551227664,7779
10,FRESIA,0.0799453198175431,0.2780857025744907,0.0,0.0,0.659680377259628,0.0653654702646057,0.2382423136318966,0.7617576863681034,0.5007484283005688,0.4992515716994312,0.5060539752005835,910600,0.0,12616
10,FRUTILLAR,0.0714735487428596,0.1614557450496894,0.0,0.0,0.6777006434134778,0.0678123941754148,0.2625134441962439,0.7374865558037561,0.495364238410596,0.5046357615894039,0.4849967384213959,7553700,4.8697345995,20535
10,FUTALEUFU,0.099597873801792,0.4204430224436538,1.0,0.0,0.6612794612794612,0.0585858585858585,0.2451093210586881,0.7548906789413119,0.5112087912087913,0.4887912087912088,0.1865828092243186,990500,0.0,2862
14,FUTRONO,0.0632175600047095,0.2895478464347322,1.0,1.0,0.7181085437936593,0.061149919398173,0.2578260367332794,0.7421739632667206,0.4924684370918589,0.507531562908141,0.3724770642201835,2627400,0.0,15233
9,GALVARINO,0.0696738299638415,0.3066162558821644,0.0,0.0,0.6224299065420561,0.0531860662701784,0.2592538405267008,0.7407461594732992,0.4951394759087066,0.5048605240912933,0.3834425979570056,943300,23.7981913375,12606
15,GENERAL LAGOS,0.0857015820422996,2.0,1.0,1.0,0.6263269639065817,0.1337579617834395,0.2862985685071574,0.7137014314928425,0.555886736214605,0.4441132637853949,0.0326295585412667,100,0.0,807
9,GORBEA,0.0652397005328603,0.3906261839377777,0.0,0.0,0.7278868482161706,0.0515093941313067,0.2619899785254116,0.7380100214745884,0.4863292611983711,0.5136707388016288,0.3841741776893363,2315800,6.614631565,15118
6,GRANEROS,0.0527898566767879,0.2345625712538329,1.0,0.0,0.5188284518828452,0.0679111683295783,0.2723127624035032,0.7276872375964968,0.4984396857849995,0.5015603142150006,0.6473388481348525,11565300,5.3490238032,37390
11,GUAITECAS,0.0634730865523672,0.3360707355068608,0.0,0.0,0.6346153846153846,0.0458579881656804,0.217564870259481,0.782435129740519,0.5389072847682119,0.4610927152317881,0.2446351931330472,138100,0.0,1607
5,HIJUELAS,0.0711850443786888,0.2740581790390693,1.0,0.0,0.6305480682839173,0.0,0.2794636556104446,0.7205363443895554,0.4953619066964588,0.5046380933035411,0.4456233421750663,9795800,0.0,19309
10,HUALAIHUE,0.1177696792952285,0.242007408704177,1.0,0.0,0.6207781103035486,0.0876442924326635,0.2206933523945675,0.7793066476054324,0.5133278373179445,0.4866721626820555,0.2358366271409749,845000,0.0,9562
7,HUALAÑE,0.0960865132292789,0.2243237813704474,0.0,0.0,0.5392613283674736,0.0541589075108628,0.2328767123287671,0.7671232876712328,0.4961392327491114,0.5038607672508886,0.577472428132345,1132200,0.0,10232
8,HUALPEN,0.0557580985754906,0.1591030009723957,0.0,0.0,0.5618194828553194,0.0797570928500976,0.2922628737897352,0.7077371262102647,0.4751838354494404,0.5248161645505596,0.63615181607082,17838100,7.1624442353,97732
8,HUALQUI,0.0662527698755852,0.3294160367798788,1.0,0.0,0.6304634790261073,0.0852156057494866,0.2781282183316169,0.7218717816683831,0.4780127059757792,0.5219872940242207,0.5737856236298604,7166000,7.545461405,26506
1,HUARA,0.1100234829973018,0.8306990292084105,1.0,1.0,0.6328578975171685,0.1204437400950871,0.2728948985863552,0.7271051014136447,0.5228758169934641,0.477124183006536,0.3648325358851674,1098700,32.6477309827,3063
3,HUASCO,0.0620026194011563,0.2554837635176049,1.0,0.0,0.4543848022973271,0.0899050143582946,0.2527932960893855,0.7472067039106145,0.5055619930475087,0.4944380069524913,0.5417318727177882,1892500,8.729812309,11455
13,HUECHURABA,0.1961460147795694,0.1602677532882002,0.0,0.0,0.5344534994312142,0.0582585830706972,0.266745795675552,0.733254204324448,0.4890649317216443,0.5109350682783557,0.6624207982232674,291300000,4.3156277512,115858
4,ILLAPEL,0.0689215653776978,0.2326261713227005,0.0,0.0,0.404040404040404,0.0914315569487983,0.2393433652530779,0.760656634746922,0.4817381606723224,0.5182618393276776,0.6464269634012992,3793200,3.0349934748,32949
13,INDEPENDENCIA,0.0918061701334601,0.2132721190513206,1.0,0.0,0.5339450666230687,0.0540546063925447,0.3330217504925019,0.6669782495074981,0.5004088708622269,0.4995911291377731,0.5862482510493704,49038500,4.6643655796,150074
1,IQUIQUE,0.0856315495590216,0.5270668263422312,0.0,0.0,0.5873445562981136,0.0789379071144573,0.3021853226268598,0.6978146773731402,0.5000369576465371,0.4999630423534629,0.542694965449161,189947800,8.7308793742,229072
13,ISLA DE MAIPO,0.0622764437869566,0.2206938133552214,1.0,1.0,0.5821596244131455,0.0652582159624413,0.2785846849027676,0.7214153150972323,0.495906658931219,0.504093341068781,0.5576204523107178,10055600,7.2544372975,41354
5,ISLA DE PASCUA,0.0840811765427879,0.3740341558731846,0.0,0.0,0.5013888888888889,0.0,0.2689754171900233,0.7310245828099766,0.4894704242799628,0.5105295757200372,0.4230769230769231,6449400,11.6265550517,8601
5,JUAN FERNANDEZ,0.031177329974642,0.2515545649117919,0.0,0.0,0.3777239709443099,0.0,0.2393939393939393,0.7606060606060606,0.5203836930455635,0.4796163069544364,0.1535269709543568,28100,0.0,1074
13,LA CISTERNA,0.0563976747610684,0.2401244930275053,1.0,0.0,0.5206752477844603,0.0471399396698705,0.2938871858761044,0.7061128141238956,0.4898768472906404,0.5101231527093596,0.587486962293372,30780000,7.8963213013,101313
5,LA CRUZ,0.0483030942258204,0.2467081578298426,0.0,0.0,0.6028589185829708,0.0,0.2648868032215105,0.7351131967784894,0.4807498994772818,0.5192501005227181,0.5314009661835749,6455000,0.0,26652
6,LA ESTRELLA,0.0648103267578924,0.5489825002142948,1.0,0.0,0.5849056603773585,0.0653389238294898,0.1939858490566037,0.8060141509433962,0.5137470542026709,0.4862529457973291,0.4231958762886598,5558300,0.0,3109
13,LA FLORIDA,0.0632129917966582,0.140754139159665,1.0,1.0,0.500471089726585,0.0460615984120159,0.28796653402714,0.7120334659728599,0.4859959939754359,0.5140040060245641,0.6318998868510024,90142100,3.446331995,406229
13,LA GRANJA,0.0607057572188697,0.2398471822312212,0.0,0.0,0.4710255849551716,0.0681328293399144,0.3007365314060302,0.6992634685939698,0.4920183525033829,0.507981647496617,0.6470689251424557,11932700,6.6022942973,121170
4,LA HIGUERA,0.0886063041778753,0.2189842050743979,1.0,1.0,0.4967445423209498,0.0773649942550746,0.2439918533604888,0.7560081466395112,0.5066469719350074,0.4933530280649926,0.5870036101083033,371900,0.0,4499
5,LA LIGUA,0.0684604853388426,0.2930338734407023,1.0,0.0,0.5396395555140536,0.0,0.2511791912808536,0.7488208087191464,0.4884634931390818,0.5115365068609182,0.5668630849220104,5410800,5.2470026497,38117
13,LA PINTANA,0.0647232064191261,0.2606959382916441,0.0,0.0,0.4964963627752207,0.0798003473276417,0.3135952200472645,0.6864047799527355,0.4932587492828457,0.5067412507171544,0.6771138343635904,25330100,6.8666444821,189321
13,LA REINA,0.0963064919327238,0.1396630483772785,1.0,1.0,0.5881684421074963,0.0232903489764065,0.2749037904846235,0.7250962095153765,0.4786344167296548,0.5213655832703452,0.5280747703788748,61994700,0.9986917139,100131
4,LA SERENA,0.0924367896346819,0.1264967333224606,0.0,0.0,0.4909810717777901,0.0677790938938397,0.3122453591606134,0.6877546408393866,0.4800854778575975,0.5199145221424025,0.5548285956521044,78844100,4.6358895113,258850
14,LA UNION,0.0819751689379158,0.178082481808651,0.0,0.0,0.6878152017291066,0.0690291786743515,0.2569263875190531,0.7430736124809468,0.4824844396650047,0.5175155603349952,0.4411082169074118,8939300,2.5232135648,39632
14,LAGO RANCO,0.13624967641398,0.4989265362168428,1.0,1.0,0.71580547112462,0.066531577169875,0.2331212442559208,0.7668787557440792,0.4967336683417085,0.5032663316582915,0.3236675515621809,1862700,9.7200622084,10288
11,LAGO VERDE,0.1150003005531405,0.8277856567866675,1.0,1.0,0.5615550755939525,0.0626349892008639,0.2014787430683918,0.7985212569316081,0.5312084993359893,0.4687915006640106,0.3537414965986394,103900,0.0,917
12,LAGUNA BLANCA,0.023257292436372,1.12061098988296,0.0,0.0,0.5451807228915663,0.036144578313253,0.1818181818181818,0.8181818181818182,0.625,0.375,0.3254437869822485,7100,0.0,257
8,LAJA,0.0612526603061979,0.1664488238123228,1.0,0.0,0.6514987360057782,0.088696280245576,0.2597431685829476,0.7402568314170525,0.4825590916534745,0.5174409083465255,0.5666190726685203,3433700,4.1825254088,23909
13,LAMPA,0.0691676555254912,0.2602196662348302,1.0,0.0,0.5833969426278547,0.0739380686155179,0.2790234477494454,0.7209765522505546,0.4980553244592346,0.5019446755407654,0.492917609588467,132465000,2.9528794266,135461
14,LANCO,0.0720223114219684,0.2539868911390421,0.0,0.0,0.6581397837953548,0.068286417638874,0.2580354460799038,0.7419645539200961,0.4789928376282951,0.521007162371705,0.3846828779142642,2872400,0.0,17861
6,LAS CABRAS,0.0882769226330283,0.2566393438326466,0.0,0.0,0.5882431440581838,0.0743978114365783,0.2413530976814899,0.7586469023185101,0.5071660166345566,0.4928339833654434,0.4747443122521394,25426900,0.0,27283
13,LAS CONDES,0.1469821865738965,0.1286676434959122,1.0,1.0,0.7751138365322625,0.0136045443239099,0.2933362979862917,0.7066637020137083,0.4788766692570217,0.5211233307429783,0.4102164911479899,2209427900,0.2953851971,338541
9,LAUTARO,0.0687077211359498,0.2307595101611554,0.0,0.0,0.7069787813899163,0.0493478684056842,0.2881320254283669,0.7118679745716331,0.4822204344328238,0.5177795655671762,0.4638958054012641,14016600,7.2547881602,41352
8,LEBU,0.0632732816059038,0.529753033144262,0.0,0.0,0.6973584905660377,0.0555471698113207,0.2547345445207678,0.7452654554792322,0.4839422510312315,0.5160577489687684,0.625243823146944,2071500,0.0,27139
7,LICANTEN,0.0630437896436638,0.2702723339508986,1.0,0.0,0.5600456621004566,0.0568493150684931,0.2257901390644753,0.7742098609355247,0.4982842694599964,0.5017157305400036,0.5356531660011409,577100,0.0,6993
5,LIMACHE,0.0541009435572989,0.1893426178660034,1.0,1.0,0.6056843364170389,0.0,0.2845739166493883,0.7154260833506116,0.4813152054689692,0.5186847945310308,0.505582577934999,9905300,0.0,50872
7,LINARES,0.0735418574019049,0.1894906944561351,1.0,1.0,0.6596983564522161,0.0680745739774568,0.2581470738781778,0.7418529261218222,0.4748677248677249,0.5251322751322751,0.4828136158057605,26698800,2.9234067433,102620
6,LITUECHE,0.0480423821001746,0.2252364489775188,1.0,1.0,0.6021420071400237,0.0541451804839349,0.2313375796178343,0.7686624203821656,0.5033339340421698,0.4966660659578302,0.4536535859269283,4603900,0.0,6865
5,LLAILLAY,0.0515670950363763,0.2489661498480592,0.0,0.0,0.4438491364117025,0.0,0.2775515480576562,0.7224484519423438,0.4903602726387536,0.5096397273612463,0.5276663245311188,5390100,0.0,26946
10,LLANQUIHUE,0.0913262565114798,0.1413307336436044,0.0,0.0,0.6395511921458625,0.078040472851132,0.2669243909017351,0.7330756090982649,0.495580072637566,0.504419927362434,0.5085271317829457,6649200,0.0,18755
13,LO BARNECHEA,0.3072806588886745,0.2936849482493987,1.0,1.0,0.8343475218304074,0.0199896552773298,0.292584701725213,0.707415298274787,0.4732014873093711,0.5267985126906288,0.4726446151434394,223128200,0.0,128439
13,LO ESPEJO,0.0682037010315411,0.3422678797793083,0.0,0.0,0.458681007425553,0.072877593202174,0.3115059139523971,0.6884940860476029,0.4968746862134752,0.5031253137865247,0.6526135117983038,17251600,8.777918658,102530
13,LO PRADO,0.0605358457072295,0.2759015805817307,0.0,0.0,0.469804209945767,0.0673223641878849,0.3010190876738919,0.698980912326108,0.4908927857290013,0.5091072142709987,0.6612295295035092,5070900,7.7121813905,103732
6,LOLOL,0.0626625056405416,0.2775102137794781,1.0,0.0,0.6041038020519011,0.0615570307785153,0.22249448664543,0.77750551335457,0.5079684616675054,0.4920315383324945,0.4120137602540354,3279900,0.0,7380
9,LONCOCHE,0.0601756288499241,0.1917514715167588,1.0,0.0,0.6531647608310517,0.0611209534546625,0.2471511025603078,0.7528488974396922,0.4856191181135667,0.5143808818864334,0.4310099573257468,2209100,0.0,24778
7,LONGAVI,0.0927135614246229,0.3108125885312404,1.0,1.0,0.6996846047703529,0.0578553124383993,0.2491171582883257,0.7508828417116743,0.4995192122773952,0.5004807877226047,0.3615644150657577,3990200,3.0062530063,33264
9,LONQUIMAY,0.1120352363023527,0.3062285229500662,0.0,0.0,0.7198318991394836,0.0384230538322993,0.2604133031966419,0.7395866968033581,0.505756776205325,0.494243223794675,0.1404506672500547,288700,0.0,11088
8,LOS ALAMOS,0.0674979815285955,0.4323032187544207,1.0,1.0,0.7441601779755284,0.0570719602977667,0.2579568390001552,0.7420431609998448,0.4811665369183783,0.5188334630816217,0.5935389911293526,1207500,0.0,22755
5,LOS ANDES,0.0530693185945211,0.1641382213811127,1.0,1.0,0.4959784075573549,0.0,0.2733843751574069,0.726615624842593,0.485569793528271,0.514430206471729,0.5781649067967827,23298400,2.9153668989,68602
8,LOS ANGELES,0.07170027544345,0.1598854936877096,0.0,0.0,0.724354409658277,0.0680090034786167,0.2725224880089492,0.7274775119910508,0.479124904543719,0.5208750954562811,0.4101465645490109,81008600,8.5832644413,221361
14,LOS LAGOS,0.0680126228546852,0.2416107208562643,0.0,0.0,0.6829187396351576,0.0966003316749585,0.2621309370988446,0.7378690629011553,0.491574998410377,0.5084250015896229,0.4694789622847177,3373900,0.0,20527
10,LOS MUERMOS,0.0498101422231963,0.4113514470928971,1.0,1.0,0.7543745346239762,0.0706440804169769,0.239888977002379,0.7601110229976209,0.5097493036211699,0.49025069637883,0.3351232609226263,2151200,0.0,17831
9,LOS SAUCES,0.0646018201917884,0.3421792041874399,1.0,1.0,0.73505722763883,0.0421788893598982,0.2492136462617953,0.7507863537382047,0.4943628288349846,0.5056371711650154,0.4337641357027463,1414400,0.0,7498
4,LOS VILOS,0.0930097883043849,0.188668325818636,1.0,0.0,0.4539536498567832,0.0763822584845065,0.2601046815934865,0.7398953184065136,0.497855940943386,0.502144059056614,0.6262493424513415,3753900,12.5397090787,23924
8,LOTA,0.0524168077686874,0.2368651918729383,1.0,0.0,0.5809182428309945,0.0804606467358145,0.2825791342449195,0.7174208657550805,0.4825569954740955,0.5174430045259045,0.7676565271664149,5143600,8.7757788504,45580
9,LUMACO,0.2519324242269833,0.296337653263574,1.0,1.0,0.7947971267715007,0.0430984274898078,0.2362334801762114,0.7637665198237885,0.5022386094284962,0.4977613905715038,0.319456390848099,1144100,10.0240577386,9976
6,MACHALI,0.0890009960221614,0.1370177149908087,1.0,0.0,0.5745937457326232,0.0651030998224771,0.2166103983794733,0.7833896016205266,0.4935512930371542,0.5064487069628458,0.6455696202531646,11922800,1.6005121639,62480
13,MACUL,0.0580059662462765,0.2144853722605176,1.0,0.0,0.4914061943752225,0.0440726237095051,0.2872161027591403,0.7127838972408597,0.4864809025906363,0.5135190974093636,0.6247175585619082,81316100,2.9180253722,137079
14,MAFIL,0.0496858541963608,0.3376361728332699,0.0,0.0,0.6848792884371029,0.0777213045319779,0.2725728155339806,0.7274271844660194,0.4942569358543912,0.5057430641456088,0.3875324675324675,1149700,13.5391280802,7386
13,MAIPU,0.0707927337607729,0.2566980988365773,0.0,0.0,0.4788092250260996,0.0521992217570574,0.294415706368635,0.705584293631365,0.4853378011428974,0.5146621988571026,0.6285149524963336,116564000,1.5366648227,585684
6,MALLOA,0.0644510502844486,0.2836494503594788,0.0,0.0,0.6315171441991545,0.0627054955378111,0.2613291216134127,0.7386708783865873,0.5017787264318748,0.4982212735681252,0.4442132223467264,2825200,0.0,14245
6,MARCHIGUE,0.0477171710749659,0.4063739739027614,0.0,0.0,0.5983898146414529,0.0606627972289833,0.2133832475432849,0.786616752456715,0.5074337427278603,0.4925662572721396,0.4831332189822755,3490900,0.0,7679
2,MARIA ELENA,0.0777854038573389,0.3129857505473896,1.0,1.0,0.419280442804428,0.1512915129151291,0.2756557754256787,0.7243442245743212,0.5208127835865062,0.4791872164134937,0.5263053797468354,789600,0.0,6684
13,MARIA PINTO,0.0719651618325844,0.3489610071489235,1.0,1.0,0.6044150110375276,0.0583885209713024,0.2773173391494002,0.7226826608505997,0.4971117906897723,0.5028882093102277,0.4319388405181567,9955300,0.0,15323
14,MARIQUINA,0.0651822055182207,0.2294925234747602,1.0,1.0,0.638095238095238,0.0786394557823129,0.2776900518836003,0.7223099481163997,0.4878869064584165,0.5121130935415835,0.4556759840273816,3978900,0.0,23648
7,MAULE,0.0911922398682907,0.1813137511397286,0.0,0.0,0.6270302195097943,0.0736785116645339,0.2764131247261386,0.7235868752738613,0.4802198518389781,0.5197801481610219,0.5172613029033656,15283900,3.0923371884,64676
10,MAULLIN,0.1297410617212439,0.3960600663594115,1.0,1.0,0.6628828189665366,0.0689369752867447,0.2306677856372137,0.7693322143627862,0.5050691244239631,0.4949308755760369,0.4226843100189036,2295200,0.0,14816
2,MEJILLONES,0.0875239609967735,0.197000394167282,0.0,0.0,0.4544198895027624,0.125,0.320047123502847,0.679952876497153,0.5318767602628659,0.4681232397371341,0.6265060240963856,10675700,12.9617627997,15430
9,MELIPEUCO,0.0765889403042022,0.2813983847420124,0.0,0.0,0.7357894736842105,0.0394736842105263,0.2494752623688156,0.7505247376311844,0.494299674267101,0.505700325732899,0.2237560192616372,309700,15.880578053,6297
13,MELIPILLA,0.0697590323134662,0.1895224420420788,0.0,0.0,0.6118295019157088,0.0588657876943881,0.2850552973602574,0.7149447026397426,0.4957945355978603,0.5042054644021396,0.4747563397847475,50207700,4.8082537109,145583
7,MOLINA,0.0894016751654743,0.2514472823240493,0.0,0.0,0.4701231180272232,0.0590677690724627,0.2667186652197504,0.7332813347802496,0.4857186497632503,0.5142813502367497,0.6047953699875982,11484700,0.0,50983
4,MONTE PATRIA,0.0917688062608122,0.4157669065095168,1.0,0.0,0.6368397838791487,0.0734921159995589,0.265317168218229,0.734682831781771,0.4905561385099685,0.5094438614900315,0.4932219635766123,3339200,3.06391323,32638
6,MOSTAZAL,0.0706538495915663,0.1408761810849886,1.0,0.0,0.5348914635770409,0.0871620721800506,0.2714647243997284,0.7285352756002715,0.5003530242409979,0.4996469757590021,0.5594428602763764,21886300,3.5669698591,28035
8,MULCHEN,0.0594966926361106,0.2871676623800312,0.0,0.0,0.5988465974625145,0.0555363321799307,0.275753589200938,0.7242464107990619,0.4884889959025049,0.5115110040974951,0.3994240548985969,3004000,9.6469226317,31098
8,NACIMIENTO,0.065289317698868,0.1843821010119528,1.0,1.0,0.6723191411492009,0.1035744784677321,0.2656803630260458,0.7343196369739541,0.4891646688290321,0.5108353311709679,0.5210280373831776,5239300,10.7135204628,28002
6,NANCAGUA,0.0695903236093333,0.3097163135744716,1.0,0.0,0.5485515021459227,0.1050608011444921,0.2515991471215352,0.7484008528784648,0.4978446846607865,0.5021553153392134,0.4976357410728844,4824000,20.5592105263,19456
12,NATALES,0.0685675925324289,0.1954079084774774,1.0,0.0,0.4588247465342437,0.0570039313056072,0.2677572706935123,0.7322427293064877,0.5077486910994764,0.4922513089005235,0.5500135049968489,10237600,0.0,24255
6,NAVIDAD,0.0591994684816482,0.2910880742586955,0.0,0.0,0.463921493169136,0.0571483548200885,0.2083447707933022,0.7916552292066977,0.5089500860585198,0.4910499139414802,0.5361428153350892,848100,0.0,7027
8,NEGRETE,0.0497725172872951,0.2326386588849408,0.0,0.0,0.7467148488830486,0.0647174770039421,0.2731504571903574,0.7268495428096425,0.4893564048300759,0.5106435951699241,0.3582474226804124,2275500,9.5111280198,10514
16,NINHUE,0.0441790402232052,0.3529973966560623,0.0,0.0,0.6785425101214575,0.0383265856950067,0.2160450387051372,0.7839549612948628,0.4867907190443372,0.5132092809556628,0.347495779403489,127800,0.0,5385
5,NOGALES,0.0764392388167622,0.2369424173123173,1.0,1.0,0.5184461466312333,0.0,0.2865026099925429,0.7134973900074572,0.4888260411467864,0.5111739588532136,0.6716638513513513,4567800,4.2383656862,23594
9,NUEVA IMPERIAL,0.0664455446205486,0.4523138640018905,0.0,0.0,0.6593878312803285,0.0503297250217742,0.2813472058350316,0.7186527941649684,0.4840601095018056,0.5159398904981943,0.4635225126726965,3872500,0.0,33993
11,O'HIGGINS,0.0841376645480406,0.4120634920634921,0.0,0.0,0.6148867313915858,0.0388349514563106,0.2709251101321586,0.7290748898678414,0.5480225988700564,0.4519774011299435,0.0479041916167664,21000,0.0,670
6,OLIVAR,0.0591599896747696,0.1686483482453477,1.0,1.0,0.6261870182102558,0.0740699363199642,0.2601076623525369,0.7398923376474631,0.5005294740557713,0.4994705259442287,0.5581620783249321,14437500,0.0,14831
2,OLLAGUE,0.0460290154271506,0.8518406841917711,1.0,0.0,0.6352657004830918,0.1739130434782608,0.2459016393442623,0.7540983606557377,0.5315315315315315,0.4684684684684684,0.2709677419354839,19100,0.0,279
5,OLMUE,0.069925015310808,0.1896188243878302,0.0,0.0,0.6197478991596639,0.0,0.2747031963470319,0.725296803652968,0.4910656896773364,0.5089343103226636,0.4625929706868893,3379100,0.0,19777
10,OSORNO,0.0912553169494027,0.150326541584155,0.0,0.0,0.6180677107323814,0.0704398894518655,0.271005147241729,0.728994852758271,0.4837501839046638,0.5162498160953362,0.5804279807799754,90399900,2.2857404085,174998
4,OVALLE,0.072283923635092,0.2156125333474474,1.0,0.0,0.5583395107487027,0.0842269994234412,0.2792478912178746,0.7207521087821255,0.4831435324452084,0.5168564675547915,0.5239786015244047,20761000,8.1292221147,123013
13,PADRE HURTADO,0.0737423827257845,0.2812246279016582,0.0,0.0,0.5201081169628963,0.0757637808174297,0.2882596311773633,0.7117403688226367,0.4924918761758166,0.5075081238241833,0.5525494523750193,15909900,6.4027864927,78091
9,PADRE LAS CASAS,0.0704973388722751,0.2027985859400811,1.0,0.0,0.6422846513663594,0.0520830483901851,0.296188630490956,0.7038113695090439,0.4807840616966581,0.5192159383033419,0.4589072970960536,14624000,1.1928334566,83834
4,PAIHUANO,0.0548756379389449,0.2811329071365672,1.0,1.0,0.5905627198124267,0.0600820633059789,0.2459319526627219,0.7540680473372781,0.4944995975315267,0.5055004024684733,0.2701227830832196,873100,0.0,4698
14,PAILLACO,0.0710702411094175,0.2290922119644066,1.0,0.0,0.6980506349591523,0.06317236916606,0.262053076201041,0.737946923798959,0.4858883501181151,0.5141116498818848,0.4235736314572089,4383200,0.0,20884
13,PAINE,0.0769561910792936,0.1833827471563745,1.0,1.0,0.6142270861833106,0.0588475292197662,0.2836614400739685,0.7163385599260315,0.4992937962718651,0.5007062037281348,0.4258122080512255,44136000,1.1660583729,85759
10,PALENA,0.0598173374736252,0.2916938971124835,1.0,1.0,0.631638418079096,0.0564971751412429,0.2264334305150631,0.7735665694849369,0.5061475409836066,0.4938524590163934,0.4049331963001027,121200,0.0,1822
6,PALMILLA,0.0590276133966722,0.2684906819184677,0.0,0.0,0.5828167617158443,0.0556657575006198,0.2279559118236473,0.7720440881763527,0.5040216984661429,0.4959783015338571,0.3820729297646847,8470800,0.0,13458
14,PANGUIPULLI,0.0782737756605566,0.185053784833129,1.0,0.0,0.6565939771547248,0.052803738317757,0.2508500922957349,0.749149907704265,0.4907185845841491,0.5092814154158509,0.4622491239248168,10343000,8.3033490174,36130
5,PANQUEHUE,0.0557538462247569,0.3036387851694601,0.0,0.0,0.5152354570637119,0.0,0.2711337918792988,0.7288662081207011,0.4920688491393857,0.5079311508606142,0.5099075297225891,6275100,0.0,7745
5,PAPUDO,0.0892629602511286,0.2338147278281528,1.0,1.0,0.5982312065698042,0.0,0.2495926127104834,0.7504073872895166,0.4979806138933764,0.5020193861066236,0.4231145935357492,5107100,15.7952930027,6331
6,PAREDONES,0.0921144210932312,0.375848561306321,1.0,1.0,0.5401962831488829,0.0693255376905408,0.1967883211678832,0.8032116788321167,0.5136328725038403,0.4863671274961597,0.539812913529546,233300,0.0,6309
7,PARRAL,0.0639294746164413,0.2464131455393435,1.0,1.0,0.6145297853039008,0.0434684003628666,0.2437042078712415,0.7562957921287584,0.4814301392017559,0.5185698607982441,0.3920965873652321,7879800,2.2171474181,45103
13,PEDRO AGUIRRE CERDA,0.0804552109240017,0.4671026919125102,1.0,0.0,0.4320328752174061,0.0598676806602325,0.2967297489904189,0.7032702510095811,0.4930527800634771,0.5069472199365228,0.6808531587303541,26510300,8.4510216346,106496
7,PELARCO,0.0608176454751279,0.4113913476856553,1.0,1.0,0.645124716553288,0.0706187236799481,0.2730421396959784,0.7269578603040215,0.4922843758611188,0.5077156241388813,0.3355452333554523,1352000,0.0,9253
7,PELLUHUE,0.0907398568889807,0.4906381012078346,0.0,0.0,0.6542391109517834,0.0453486287865208,0.2300585849481748,0.7699414150518251,0.4929686292690465,0.5070313707309535,0.299506694855532,2054900,0.0,8276
16,PEMUCO,0.0695569530282849,0.4934160577775706,1.0,1.0,0.7155247181266262,0.0548135299219427,0.2565434150394682,0.7434565849605318,0.4812986235786954,0.5187013764213046,0.2498395721925133,1530300,23.2126276695,8616
7,PENCAHUE,0.0465575416601154,0.2867624671401443,1.0,0.0,0.6752100840336135,0.0595238095238095,0.2356595568440671,0.7643404431559329,0.5013858497447119,0.4986141502552881,0.5193562418442801,3621500,0.0,8622
8,PENCO,0.0583282866939373,0.2331516007730934,0.0,0.0,0.518289615522817,0.085698886094143,0.2812711291413117,0.7187288708586883,0.4784653338130236,0.5215346661869764,0.7497148072096738,10244800,3.9956048347,50055
6,PERALILLO,0.0701307009102633,0.2982892515033908,0.0,0.0,0.5994627266621894,0.0608462055070517,0.2233487833140208,0.7766512166859791,0.505338078291815,0.494661921708185,0.4571939231456657,3616900,0.0,12027
9,PERQUENCO,0.0717282946810367,0.3615335008031399,0.0,0.0,0.6644225789746245,0.0497151734852408,0.2667325265497653,0.7332674734502346,0.4943636363636363,0.5056363636363637,0.4218551461245235,521400,0.0,7253
5,PETORCA,0.051193708623607,0.1901076622957475,1.0,0.0,0.4201517557790718,0.0,0.2602581072137657,0.7397418927862343,0.4937813920114805,0.5062186079885195,0.6175226586102719,583300,0.0,10607
6,PEUMO,0.0421142570603,0.2000053874475601,1.0,0.0,0.5363940477563733,0.0755565809205214,0.2489913544668588,0.7510086455331412,0.503581784069589,0.4964182159304111,0.6008119079837618,4796000,0.0,15005
13,PEÑAFLOR,0.0655268969842945,0.2375604243921319,0.0,0.0,0.506417622655474,0.072707087626356,0.2846638655462185,0.7153361344537815,0.4891751059444096,0.5108248940555904,0.6087931122319018,20582100,2.8816782894,104106
13,PEÑALOLEN,0.0798404226567564,0.1391483685156593,0.0,0.0,0.5059427294050973,0.0564913495899123,0.2945447539690662,0.7054552460309337,0.489177990342918,0.5108220096570819,0.6356076882875559,35230600,4.4328369787,270707
1,PICA,0.0537255701807979,0.2163296892539222,1.0,1.0,0.6198923028191321,0.0915426037377256,0.2880597014925373,0.7119402985074627,0.5036002618372245,0.4963997381627755,0.3711001642036124,542400,0.0,6165
6,PICHIDEGUA,0.0551476601059838,0.2770423007606099,0.0,0.0,0.5922017239990333,0.0755659389349875,0.2316715542521994,0.7683284457478006,0.5048820425738371,0.4951179574261629,0.5043782837127846,7636500,14.3287003869,20937
6,PICHILEMU,0.0573901559650169,0.229827417406023,1.0,0.0,0.5540926395939086,0.0506821065989847,0.2209345794392523,0.7790654205607477,0.500758934731613,0.4992410652683869,0.5124289195775792,2354200,0.0,18367
16,PINTO,0.0623445888372991,0.1969769868811407,1.0,1.0,0.7529585798816568,0.0487027765134274,0.2575779762776394,0.7424220237223605,0.4824598037168511,0.5175401962831488,0.2320970774226628,2188900,0.0,12039
13,PIRQUE,0.0668103582259611,0.1794466367385307,0.0,0.0,0.5664355062413314,0.0542024965325936,0.277058064516129,0.722941935483871,0.500309061688713,0.4996909383112869,0.4067170175156677,16079800,3.1459401642,31787
9,PITRUFQUEN,0.0760369381830439,0.202528716612108,1.0,1.0,0.6747402415051952,0.04914349901713,0.2587517983147222,0.7412482016852778,0.4772827309629774,0.5227172690370225,0.4607719928186714,2715700,3.7914691943,26375
6,PLACILLA,0.0636332440362875,0.4408103848466437,0.0,0.0,0.5683860232945092,0.0697171381031614,0.2436090225563909,0.7563909774436091,0.5008255365987893,0.4991744634012108,0.4195238095238095,3901100,0.0,9228
16,PORTEZUELO,0.0509516240167024,0.2547334963710535,1.0,1.0,0.6711942593541773,0.0345976422347514,0.2215909090909091,0.7784090909090909,0.4875697615423642,0.5124302384576357,0.402864090786274,308500,0.0,4908
12,PORVENIR,0.0605441692418201,0.3719460449844223,1.0,0.0,0.4546534653465346,0.0582178217821782,0.3184618653069896,0.6815381346930104,0.5481569560047562,0.4518430439952438,0.4914645103324349,7776400,0.0,7500
1,POZO ALMONTE,0.0788187632964901,0.1663399033810174,0.0,0.0,0.6266914749661705,0.1123139377537212,0.3465476749647722,0.6534523250352278,0.5362060962401362,0.4637939037598638,0.35216240070609,4934200,5.5029716047,18172
12,PRIMAVERA,0.1305858902555851,0.5173140223831468,0.0,0.0,0.4339622641509434,0.0597484276729559,0.1851063829787234,0.8148936170212766,0.5845070422535211,0.4154929577464789,0.5490196078431373,108500,0.0,684
13,PROVIDENCIA,0.0965829028522534,0.1058157420856079,1.0,1.0,0.5725658522268692,0.0147204490424829,0.2668042507890854,0.7331957492109146,0.4814292363323905,0.5185707636676095,0.4248655624865562,907813900,1.2378688849,161568
5,PUCHUNCAVI,0.1046354578402899,0.173613018036987,1.0,1.0,0.5592779441904462,0.0,0.2645288858321871,0.735471114167813,0.4929296704665794,0.5070703295334206,0.484713828652684,3517200,4.8369933249,20674
9,PUCON,0.0757191678550762,0.2281959099123493,1.0,1.0,0.6199207696661008,0.0518958687040181,0.2727726063829787,0.7272273936170213,0.4891498930271143,0.5108501069728857,0.3004674883127922,11592600,6.6028392209,30290
13,PUDAHUEL,0.0766935490905945,0.2250659157140494,0.0,0.0,0.4905951785190426,0.0658164938135256,0.295917112463875,0.7040828875361249,0.4880578667723222,0.5119421332276777,0.6390505115089514,210363800,4.2547430715,258535
13,PUENTE ALTO,0.0701403875250835,0.1620616485315932,1.0,1.0,0.4823492225844716,0.0574662433321258,0.2983020661604553,0.7016979338395446,0.4867839549612948,0.5132160450387051,0.631516626648686,47818900,2.2714848394,660361
10,PUERTO MONTT,0.0698715154505272,0.1640057708862618,0.0,0.0,0.6162658051134777,0.0778269714012205,0.2926644878400539,0.7073355121599461,0.4930335080136174,0.5069664919863826,0.5292027319999348,173140200,2.9040958642,275473
10,PUERTO OCTAY,0.0789355543081749,0.4980345921240432,0.0,0.0,0.6230798771121352,0.0908218125960061,0.2531859070464767,0.7468140929535232,0.5101356074374388,0.4898643925625611,0.4842480681593025,5419100,0.0,9123
10,PUERTO VARAS,0.0802949599715538,0.1460518148013723,1.0,0.0,0.6866196037606949,0.0511402452909984,0.2354242324199405,0.7645757675800594,0.4927578215527231,0.5072421784472769,0.4486594172823109,52667400,1.99960008,50010
6,PUMANQUE,0.0458504181025606,0.2775894563107405,1.0,0.0,0.5355662983425414,0.1498618784530386,0.22517911975435,0.77482088024565,0.5070469798657719,0.4929530201342282,0.4025617566331198,597200,0.0,3529
4,PUNITAQUI,0.0864070820764664,0.2667853948346347,1.0,0.0,0.4909008873514814,0.1231764175063919,0.2536079374624173,0.7463920625375827,0.4909635333119452,0.5090364666880548,0.5541876515575452,659400,16.1838485192,12358
12,PUNTA ARENAS,0.0952146970166873,0.1612784202357501,1.0,1.0,0.4793215543448815,0.0451193450320561,0.2785903950922492,0.7214096049077507,0.5019870707927088,0.4980129292072912,0.5948075201432408,66116000,1.3877709623,144116
10,PUQUELDON,0.0925439956072238,0.2132772650600464,0.0,0.0,0.5466666666666666,0.1369230769230769,0.2244725738396624,0.7755274261603375,0.4887240356083086,0.5112759643916914,0.4317430325932924,281600,0.0,4195
9,PUREN,0.1047492462608611,0.3670410149586908,0.0,0.0,0.7379974507860076,0.0392295708823112,0.2410620003017046,0.7589379996982953,0.4801842330762639,0.5198157669237361,0.3734484619535888,1318700,0.0,12146
10,PURRANQUE,0.0639256802989808,0.2873752852373725,0.0,0.0,0.6992204231988349,0.0675062109140752,0.2617307038422305,0.7382692961577695,0.4921059023560845,0.5078940976439155,0.4659090909090909,6727200,0.0,21028
5,PUTAENDO,0.0513743480389576,0.1740525316796835,1.0,0.0,0.4757662530491038,0.0,0.2682461600240939,0.731753839975906,0.4906697526399537,0.5093302473600463,0.5858326192516424,1102200,0.0,17862
15,PUTRE,0.0529603842671292,0.3309064893527481,1.0,0.0,0.6318859364873622,0.0641607258587167,0.4335122242098986,0.5664877757901013,0.5834127740705434,0.4165872259294566,0.1394927536231884,21800,0.0,2548
10,PUYEHUE,0.0442151417150225,0.2636657171632278,1.0,1.0,0.6808367071524967,0.074493927125506,0.2422268285460468,0.7577731714539532,0.5031169389509889,0.4968830610490112,0.4631690514043455,4034800,0.0,11809
10,QUEILEN,0.0692198846788568,0.3407631480004217,0.0,0.0,0.5015649452269171,0.0903755868544601,0.232304334268787,0.767695665731213,0.5028982146997449,0.497101785300255,0.3306655433866891,354500,0.0,5545
10,QUELLON,0.0610977539869148,0.2621261449003895,0.0,0.0,0.61648274654055,0.1002802592397968,0.2667703362110569,0.733229663788943,0.5071203244704822,0.4928796755295178,0.3265246142542248,7041100,10.0857286939,29745
10,QUEMCHI,0.2102248661927968,0.529127565368913,0.0,0.0,0.6171893703615035,0.0684701939190806,0.2255198869372097,0.7744801130627902,0.507269324888441,0.4927306751115589,0.3607354184277261,735600,0.0,8770
8,QUILACO,0.0384976269247938,0.5366961572028526,0.0,0.0,0.6479750778816199,0.0761509172724126,0.2541988197911938,0.7458011802088061,0.4946871310507674,0.5053128689492326,0.3404814004376367,250100,0.0,4188
13,QUILICURA,0.0684970592027664,0.2528618284995735,0.0,0.0,0.4822241183162685,0.0683304891922639,0.2960319345550193,0.7039680654449807,0.4947424565681195,0.5052575434318806,0.5893736805066855,304226600,1.873936541,266818
8,QUILLECO,0.0645143641601349,0.6151731956348688,1.0,0.0,0.7201964578062212,0.0830480726298556,0.266985822132204,0.733014177867796,0.4898165717900063,0.5101834282099936,0.3202511773940345,832300,0.0,10010
16,QUILLON,0.0613646242721593,0.1671515316157969,0.0,0.0,0.7044105173876166,0.0575063613231552,0.2443390748983936,0.7556609251016063,0.480110098957992,0.5198899010420079,0.4255370797426872,2578600,5.2471403085,19058
5,QUILLOTA,0.068200871780518,0.156268161211398,1.0,0.0,0.583245521601686,0.0,0.287759734590536,0.712240265409464,0.4823272386798096,0.5176727613201904,0.5513607004837445,27531300,4.0241043853,99401
5,QUILPUE,0.0680369581634665,0.1588980032955292,0.0,0.0,0.5514356603613538,0.0,0.2939751186040356,0.7060248813959644,0.4759981588442293,0.5240018411557706,0.5885342873335222,31919100,2.9320182254,170531
10,QUINCHAO,0.0998743598691423,0.2887925011128417,1.0,0.0,0.4930712213986464,0.0960360941024814,0.220952791549903,0.779047208450097,0.4925027052094605,0.5074972947905395,0.4819809346663566,588700,12.1344497027,8241
6,QUINTA DE TILCOCO,0.0524107339861714,0.3680983438609909,1.0,1.0,0.5630291081990026,0.056708802041053,0.239378489924739,0.760621510075261,0.5032065757384157,0.4967934242615843,0.499916177703269,2480500,0.0,14097
13,QUINTA NORMAL,0.0669617608074988,0.2591196722280938,0.0,0.0,0.4916920564123504,0.0529572509972673,0.3008124467766807,0.6991875532233193,0.4898845602698637,0.5101154397301363,0.6269594166565579,58793700,7.1400521224,140055
5,QUINTERO,0.0625812914216822,0.1549558268835793,1.0,0.0,0.5685614780709521,0.0,0.2821319558581827,0.7178680441418174,0.4913877266387726,0.5086122733612274,0.4972079272966166,9270800,24.0378195027,37441
16,QUIRIHUE,0.0574717975377467,0.3081866826661741,0.0,0.0,0.6492857142857142,0.0442857142857142,0.233278955954323,0.766721044045677,0.4817797047589553,0.5182202952410447,0.4825026511134676,1798300,16.3585800752,12226
6,RANCAGUA,0.0685925332880326,0.1700763619283181,0.0,0.0,0.5432347113290992,0.07752638835522,0.2744723263060949,0.7255276736939051,0.4909630129719824,0.5090369870280176,0.6236386126167801,90564700,4.4426015875,270112
16,RANQUIL,0.0608407281437064,0.5524665142581917,1.0,1.0,0.6377777777777778,0.0548148148148148,0.2052147239263803,0.7947852760736196,0.4787759131293188,0.5212240868706811,0.4529627367135003,2779500,0.0,6284
7,RAUCO,0.0637568558671629,0.3909687580682275,0.0,0.0,0.627048042210497,0.0613718411552346,0.2586390622621403,0.7413609377378596,0.4886540600667408,0.5113459399332592,0.5489841078253872,2624200,0.0,11510
13,RECOLETA,0.0738577222233062,0.1843058482935018,0.0,0.0,0.4902822056913449,0.0637029165190695,0.2980324553697226,0.7019675446302773,0.4952285477434404,0.5047714522565595,0.616953738877036,137333800,10.2466890386,195185
9,RENAICO,0.0925295127025657,0.2260949476329636,1.0,0.0,0.7084260731319555,0.0739268680445151,0.2722328854766475,0.7277671145233525,0.4804992199687987,0.5195007800312013,0.4423114981199287,598800,9.1499679751,10929
13,RENCA,0.0596848467792811,0.2292910829186185,1.0,0.0,0.4749299197702197,0.076487565074499,0.2955120875530872,0.7044879124469128,0.4912051478874389,0.508794852112561,0.6395506430141855,104510400,7.383842921,162517
6,RENGO,0.0685193700717737,0.2451547716412072,0.0,0.0,0.5435328156830327,0.0636532727111688,0.2694323837763422,0.7305676162236577,0.4957125274902649,0.504287472509735,0.5676460082157528,22145700,3.0849439311,64831
6,REQUINOA,0.0981801337450337,0.1891316560970589,0.0,0.0,0.6205554890458518,0.0866155872141745,0.2594553706505295,0.7405446293494705,0.5008296107211232,0.4991703892788768,0.5334940769472691,22094500,0.0,31087
7,RETIRO,0.0845667967665515,0.3555765396035936,1.0,1.0,0.6832167306100956,0.0567215827879334,0.2301560943208236,0.7698439056791764,0.4938353280808323,0.5061646719191676,0.2359397867447208,2426000,4.6950561059,21299
5,RINCONADA,0.0485667564543359,0.2330730956427457,1.0,1.0,0.5217148442954894,0.0,0.2608054285292816,0.7391945714707184,0.4895653176524847,0.5104346823475153,0.5997368421052631,2714100,0.0,11663
14,RIO BUENO,0.0744968111281736,0.3493651463318784,1.0,1.0,0.6935207954666952,0.0623329413022559,0.2490568071574862,0.7509431928425138,0.4894710405316642,0.5105289594683359,0.4199628813362719,5216800,6.0664887163,32968
7,RIO CLARO,0.0624737540660206,0.2367956450289007,1.0,1.0,0.6723785746709033,0.063322741715842,0.2592121982210927,0.7407878017789072,0.5043359972793743,0.4956640027206257,0.4147655828992276,3953700,0.0,14952
4,RIO HURTADO,0.1022764047568974,0.404568071482718,1.0,0.0,0.5975274725274725,0.0861950549450549,0.2233948988566403,0.7766051011433597,0.4916169366297243,0.5083830633702756,0.2619307832422586,99600,0.0,4343
11,RIO IBAÑEZ,0.1481096382327875,0.4664419558899897,1.0,1.0,0.6556122448979592,0.0280612244897959,0.2142390594382756,0.7857609405617244,0.5187667560321716,0.4812332439678284,0.3092613009922823,617900,0.0,2708
10,RIO NEGRO,0.0715052048717145,0.4381696114363776,1.0,1.0,0.6902308595278466,0.0636494065475414,0.24003554201574,0.7599644579842599,0.4987992528684515,0.5012007471315485,0.4480511496372802,2757500,21.1520834802,14183
12,RIO VERDE,0.0389669262769048,0.3503213957759412,1.0,1.0,0.6342281879194631,0.0369127516778523,0.1780821917808219,0.821917808219178,0.6597938144329897,0.3402061855670103,0.2894736842105263,19800,0.0,209
7,ROMERAL,0.0533760534284365,0.2740207426683699,0.0,0.0,0.624556562869531,0.0636578636184469,0.2486999082288161,0.7513000917711838,0.4932864949258392,0.5067135050741608,0.4392110185342628,19483400,0.0,16557
9,SAAVEDRA,0.078824643317022,0.5434651634875504,1.0,0.0,0.6081383519837233,0.0484231943031536,0.238687443811807,0.7613125561881929,0.4937204035412806,0.5062795964587193,0.4996167407634524,364100,47.1438673686,12727
7,SAGRADA FAMILIA,0.0801245919001596,0.2803638807881048,1.0,1.0,0.0,0.0677223719676549,0.2558542931483087,0.7441457068516912,0.4972157472157472,0.5027842527842528,0.6244932029573098,19569800,0.0,19627
4,SALAMANCA,0.0679985026286978,0.1374340878384778,1.0,0.0,0.5050449584734711,0.0927311414647539,0.2372447460856105,0.7627552539143895,0.4958182938638965,0.5041817061361036,0.5995855995855995,4635200,3.3829499323,29560
5,SAN ANTONIO,0.0578698310152511,0.2883478073064444,1.0,0.0,0.4547881347490886,0.0,0.2706343157932049,0.7293656842067952,0.4860948633414867,0.5139051366585132,0.6446326731958515,29795100,6.1376051065,97758
13,SAN BERNARDO,0.0703961993053081,0.2431069805190731,0.0,0.0,0.5217726009974227,0.0633129162901228,0.3013711751493063,0.6986288248506938,0.4921545423450271,0.5078454576549728,0.5948774330157179,161152500,6.4250272334,342411
16,SAN CARLOS,0.0593708788560774,0.2039500368839424,0.0,0.0,0.7285114983005175,0.0463606577456594,0.2653099561678146,0.7346900438321854,0.4738339920948616,0.5261660079051383,0.4393184431513293,7394600,3.527212444,56702
7,SAN CLEMENTE,0.079624778370171,0.3018378448283133,1.0,0.0,0.6215663580246914,0.0687885802469135,0.2782615167075984,0.7217384832924015,0.4943271658021027,0.5056728341978973,0.5156117696867062,5165000,0.0,47177
5,SAN ESTEBAN,0.0637535513428554,0.2759507789224154,1.0,0.0,0.4828586976237983,0.0,0.2599445712422563,0.7400554287577438,0.4881938820011214,0.5118061179988785,0.5834740990990991,3978300,0.0,21226
16,SAN FABIAN,0.0678036493654282,0.1970841661123808,1.0,1.0,0.6872924841533353,0.0570479927558104,0.2594468250876509,0.7405531749123491,0.48505072076882,0.51494927923118,0.2910737386804657,444400,0.0,4728
5,SAN FELIPE,0.0608094449022127,0.2193389882013881,0.0,0.0,0.5022721598002496,0.0,0.2863342307228673,0.7136657692771327,0.4838341104900719,0.516165889509928,0.5495440946003705,22582800,4.6909815879,85270
6,SAN FERNANDO,0.0676818016293903,0.1931787096199323,1.0,0.0,0.5201548106737885,0.0535952742004843,0.2522660897782585,0.7477339102217415,0.4881556960781101,0.5118443039218898,0.5613406130772267,29556500,2.5011255065,79964
12,SAN GREGORIO,0.0416343184441492,0.4376822990105165,0.0,0.0,0.6491935483870968,0.0483870967741935,0.2586605080831409,0.7413394919168591,0.5959409594095941,0.4040590405904059,0.3108974358974359,69700,0.0,666
16,SAN IGNACIO,0.0523906212377213,0.2948907430727464,1.0,0.0,0.7349875472742367,0.0474126003136242,0.2498652000431359,0.750134799956864,0.4856402833853889,0.5143597166146111,0.3283241163741284,1142500,0.0,16624
7,SAN JAVIER,0.0786709178784759,0.1817164676049127,0.0,0.0,0.6654394513625699,0.0696625157913733,0.2782303370786517,0.7217696629213484,0.4823657361851986,0.5176342638148014,0.4410846921285105,11411700,1.9803548796,50496
13,SAN JOAQUIN,0.0602587911673419,0.2157875764355306,1.0,0.0,0.4370388449768131,0.0603233013536601,0.3021386929493993,0.6978613070506007,0.4889618245630847,0.5110381754369153,0.6677522568849275,58135800,10.6071125511,103704
13,SAN JOSE DE MAIPO,0.0722831112107566,0.2522701528805975,0.0,0.0,0.4882454128440367,0.0538990825688073,0.264185639229422,0.7358143607705779,0.4949740268501653,0.5050259731498347,0.525571791613723,4902900,0.0,19131
10,SAN JUAN DE LA COSTA,0.0737868638407521,0.3470166687044911,0.0,0.0,0.6320675105485232,0.0725738396624472,0.1900806254580992,0.8099193745419008,0.5186152841280209,0.4813847158719791,0.4555859666583727,239100,0.0,7536
13,SAN MIGUEL,0.0685588521325815,0.1841818031590416,0.0,0.0,0.4986217283810281,0.039202591719003,0.27620387114058,0.72379612885942,0.4845534445555497,0.5154465554444503,0.6055338407735034,60476500,2.8626841958,139729
16,SAN NICOLAS,0.0539677916915887,0.2568704447682587,1.0,1.0,0.6746804268793245,0.0535944646417262,0.2390082168084186,0.7609917831915813,0.4808205128205128,0.5191794871794871,0.4195302305350152,1539300,0.0,12339
10,SAN PABLO,0.0791621313488905,0.2339644748728059,1.0,1.0,0.6564354756655927,0.082414787179922,0.2292243767313019,0.7707756232686981,0.497328742728244,0.5026712572717559,0.4811708013564162,3674500,9.4804702313,10548
13,SAN PEDRO,0.069358070339003,0.2183946999122272,0.0,0.0,0.6701787994891443,0.0528416347381864,0.2696420932553828,0.7303579067446171,0.5132359169843287,0.4867640830156713,0.4441267572075292,3702700,0.0,12274
2,SAN PEDRO DE ATACAMA,0.0529947664709841,0.2551039552571533,0.0,0.0,0.4658407079646017,0.1125663716814159,0.2990692581439912,0.7009307418560088,0.5017776724342261,0.4982223275657739,0.4082599864590386,1531500,9.2438528379,10818
8,SAN PEDRO DE LA PAZ,0.1101107187598726,0.1809443390108955,1.0,0.0,0.5981923611727463,0.0700275139788763,0.2737481833795746,0.7262518166204254,0.4737960845955987,0.5262039154044013,0.6548961115543377,39051800,3.9993867607,150023
7,SAN RAFAEL,0.0630430518543763,0.3532672193912343,0.0,0.0,0.6528505897771952,0.0737221494102228,0.284086926042762,0.715913073957238,0.4924212980956082,0.5075787019043918,0.4722733245729303,3709800,9.8145058396,10189
13,SAN RAMON,0.0620273112564704,0.3206465674251795,0.0,0.0,0.4871805424091526,0.0710317297008107,0.3037120814315143,0.6962879185684857,0.493130137397252,0.5068698626027479,0.6635953463446679,5913600,12.8995942491,85274
8,SAN ROSENDO,0.0791284118222967,0.897890392222775,1.0,0.0,0.5545767905017235,0.0635771734967445,0.2434915773353752,0.7565084226646248,0.4810753448885744,0.5189246551114255,0.628755364806867,436200,27.9251605697,3581
6,SAN VICENTE,0.0621414199295776,0.1828803194282845,0.0,0.0,0.5975857206726967,0.0615606837018949,0.2351743791559234,0.7648256208440766,0.4961042183622828,0.5038957816377171,0.5412443552433517,11927200,1.9410691409,51518
8,SANTA BARBARA,0.0653227181103606,0.3720932243306181,0.0,0.0,0.6937971014492753,0.0834782608695652,0.2759381898454746,0.7240618101545254,0.4879614767255216,0.5120385232744783,0.2128106018774158,1983600,0.0,14644
6,SANTA CRUZ,0.0691625415526367,0.2045722532929851,1.0,1.0,0.6007251694220227,0.0566322786722493,0.2342483229762541,0.7657516770237458,0.493616239551759,0.5063837604482411,0.485682561944834,20308000,0.0,41884
8,SANTA JUANA,0.0661801759006948,0.353334823316843,1.0,0.0,0.7214651695192412,0.0557069660961517,0.2671380632790028,0.7328619367209971,0.4845236036659173,0.5154763963340827,0.2979471316085489,1570500,20.2074632898,14846
5,SANTA MARIA,0.0551296823991021,0.3184174589092549,0.0,0.0,0.5061396327914863,0.0,0.275230307421592,0.7247696925784081,0.4896346710474849,0.5103653289525151,0.5670465973851827,4141500,0.0,16686
13,SANTIAGO,0.0876532631696917,0.1696396745598964,0.0,0.0,0.5221836409400475,0.0408144645818462,0.3425106932855182,0.6574893067144818,0.505314905122987,0.4946850948770129,0.5512958895513022,683749500,10.4361553963,527014
5,SANTO DOMINGO,0.1138726072530004,0.4780210661044012,1.0,1.0,0.6706760680215678,0.0,0.216478652006283,0.783521347993717,0.4945101351351351,0.5054898648648649,0.4545956389732266,74513400,0.0,12295
2,SIERRA GORDA,0.0470714120728772,0.5562544513316287,1.0,0.0,0.5402597402597402,0.1636363636363636,0.2685714285714285,0.7314285714285714,0.539810080350621,0.4601899196493791,0.4935779816513762,1366900,0.0,1784
13,TALAGANTE,0.0842174552270199,0.2327248409242513,0.0,0.0,0.547387047304471,0.0610593370296095,0.2867619736764907,0.7132380263235093,0.4919164941447919,0.508083505855208,0.489005884174667,18343000,1.1931180948,83814
7,TALCA,0.0748777153448287,0.1542582570900968,1.0,1.0,0.572129326834084,0.0584855309434195,0.3164576527206941,0.6835423472793059,0.4769441062770979,0.5230558937229021,0.6354447514118652,83631300,3.3370179573,239735
8,TALCAHUANO,0.0858620525011051,0.1433164204650812,1.0,1.0,0.6020525461289596,0.0734863657371745,0.2951330717845403,0.7048669282154597,0.4792772453987239,0.5207227546012761,0.63615181607082,54687700,2.5270872161,158285
2,TALTAL,0.0611255233549297,0.2417245674157788,1.0,0.0,0.5139548129865198,0.0888551357509018,0.2740514075887393,0.7259485924112608,0.5096887844979449,0.4903112155020552,0.9252459016393444,2759400,7.2030540949,13883
9,TEMUCO,0.0767977465921806,0.1654233175741262,0.0,0.0,0.596806212777646,0.0431560810557726,0.3237563933674313,0.6762436066325687,0.4745220385732846,0.5254779614267154,0.5685772823023576,114064400,0.652360403,306579
7,TENO,0.0610859498765884,0.2700526200809568,1.0,0.0,0.5843731591067316,0.0613720344882986,0.2657994579945799,0.7342005420054201,0.4956301560075145,0.5043698439924855,0.4491315136476427,14379800,3.1857279388,31390
9,TEODORO SCHMIDT,0.0712170873826651,0.3510755248778354,1.0,1.0,0.720790047454149,0.0402718994485058,0.2288828337874659,0.771117166212534,0.4985380116959064,0.5014619883040936,0.37331719860838,978400,0.0,15774
3,TIERRA AMARILLA,0.084649569790698,0.2185087436009804,0.0,0.0,0.517736087025067,0.1013715907299385,0.2914625612316305,0.7085374387683695,0.5250190258751902,0.4749809741248097,0.5296981499513145,5755400,6.9439622248,14401
13,TILTIL,0.0775339549864151,0.2522020948688487,0.0,0.0,0.5781352286542598,0.0714486112409987,0.2899049614607498,0.7100950385392502,0.5,0.5,0.5750966744006187,9100800,0.0,22033
12,TIMAUKEL,0.0462027334793938,1.6324462313038497,1.0,0.0,0.6181818181818182,0.0363636363636363,0.2358490566037736,0.7641509433962265,0.6694214876033058,0.3305785123966942,0.3930348258706467,102900,0.0,279
8,TIRUA,0.09769338793549,0.3659208552056843,1.0,0.0,0.8163862472567667,0.0455986344793952,0.2771406127258444,0.7228593872741556,0.4984520123839009,0.5015479876160991,0.3070603337612324,570700,36.1369590749,11069
2,TOCOPILLA,0.0587110352548655,0.182758998449132,1.0,0.0,0.4883177570093458,0.1100934579439252,0.2845453426848776,0.7154546573151225,0.4932523616734143,0.5067476383265856,0.6039944903581267,3203600,17.6672202396,28301
9,TOLTEN,0.0801744900929722,0.7304776590222223,1.0,1.0,0.6835908756438558,0.0522442972774098,0.2226743110782319,0.7773256889217681,0.4943499155734511,0.5056500844265489,0.3305206177360293,937500,0.0,9993
8,TOME,0.0865184369682447,0.1605054620971672,0.0,0.0,0.6018327811110116,0.0687442165905495,0.2718033561805719,0.7281966438194281,0.4747034044016506,0.5252965955983494,0.6723844023012998,4731800,11.868832446,58978
12,TORRES DEL PAINE,0.0551917558943872,0.5485210015378701,1.0,0.0,0.5454545454545454,0.0539291217257318,0.4510686164229471,0.5489313835770528,0.5717192268565615,0.4282807731434384,0.2612612612612612,81600,0.0,1055
11,TORTEL,0.0357996973699226,0.5113168724279836,0.0,0.0,0.4170040485829959,0.0728744939271255,0.2216216216216216,0.7783783783783784,0.5272727272727272,0.4727272727272727,0.0797546012269938,5400,0.0,579
9,TRAIGUEN,0.0648204026138708,0.3212356823528959,0.0,0.0,0.7237117322684921,0.0442099258414147,0.241724104455878,0.7582758955441219,0.4746506447039762,0.5253493552960238,0.4626267582597317,2985400,10.3616205575,19302
16,TREHUACO,0.0598492661356858,0.6950259210274259,1.0,0.0,0.685472496473907,0.0507757404795486,0.2214377406931964,0.7785622593068036,0.4842381786339755,0.5157618213660246,0.3465067043048694,1987200,0.0,5736
8,TUCAPEL,0.0590183191034204,0.2253763629923483,1.0,1.0,0.6498436320500377,0.0906934109781084,0.2546164772727273,0.7453835227272727,0.485107095046854,0.5148929049531459,0.5617792421746294,4148100,0.0,15322
14,VALDIVIA,0.0641885562077304,0.1343736772758722,0.0,0.0,0.5224881741809323,0.0559008925352589,0.3239569106647009,0.6760430893352991,0.4782949458432773,0.5217050541567226,0.6538059056371991,46144600,3.3414456208,179563
3,VALLENAR,0.0622059703990691,0.151014719887462,1.0,0.0,0.5188807280855819,0.0707727925914098,0.2629376307817233,0.7370623692182766,0.4953693934491571,0.5046306065508429,0.5567136725935009,10248100,1.7451702414,57301
5,VALPARAISO,0.0789930181613554,0.1755926739863235,1.0,0.0,0.4639792325595274,0.0,0.3321290729120172,0.6678709270879828,0.4860051492534371,0.5139948507465629,0.6071825943932467,96889400,7.2182225598,318638
7,VICHUQUEN,0.1016601046721627,0.285375409263807,1.0,0.0,0.6142115509409475,0.0476963011031797,0.2079002079002079,0.7920997920997921,0.5062217194570136,0.4937782805429864,0.4665836446658364,3966900,0.0,4347
9,VICTORIA,0.06883017207131,0.3019149206893882,1.0,0.0,0.7683194607567788,0.0333963131287341,0.2692135502163856,0.7307864497836144,0.4775081492212966,0.5224918507787034,0.444131299734748,5365900,5.6288874504,35531
4,VICUÑA,0.0561914047010265,0.2313028182253388,0.0,0.0,0.5555859054903032,0.0760721114449604,0.2722534314009382,0.7277465685990618,0.4907249792676007,0.5092750207323993,0.3828603752239087,5156900,6.6253685361,30187
9,VILCUN,0.0888883429535813,0.3164573602143549,1.0,1.0,0.6822855655342965,0.0490693739424703,0.2759492279795593,0.7240507720204407,0.4863816510667004,0.5136183489332996,0.4464071529822266,7088900,6.3002047567,31745
7,VILLA ALEGRE,0.0590862903702265,0.3359042048439385,1.0,1.0,0.7024189397838394,0.0705095213587236,0.2584303797468354,0.7415696202531645,0.4829127613554434,0.5170872386445566,0.3974984365228268,2359200,5.6220835442,17787
5,VILLA ALEMANA,0.057524883423547,0.2531036763878778,1.0,0.0,0.5747219663747715,0.0,0.2910307640460257,0.7089692359539743,0.4758343857117084,0.5241656142882916,0.5500041451349932,12237900,2.0900679969,143536
9,VILLARRICA,0.0677873666843228,0.1973856492458985,1.0,0.0,0.6177590086961353,0.0714861223015586,0.2645829705728713,0.7354170294271287,0.4827472091073556,0.5172527908926444,0.3972324366169925,26976100,11.6754232341,59955
13,VITACURA,0.0884978904150713,0.1449404667320019,1.0,1.0,0.8507143852262349,0.0070277549883128,0.2571344675072033,0.7428655324927967,0.4692796473636047,0.5307203526363953,0.3506655926742411,423845800,0.0,97651
5,VIÑA DEL MAR,0.1534788163092388,0.119022579651182,0.0,0.0,0.5602893407122232,0.0,0.3395850820341346,0.6604149179658654,0.4767330218267938,0.5232669781732062,0.5596753017219613,175756200,5.4498734267,366981
7,YERBAS BUENAS,0.0856780662321459,0.2234336868203215,0.0,0.0,0.7232549982462294,0.0623465450719046,0.2561510244251588,0.7438489755748412,0.4948157067362365,0.5051842932637635,0.3713673906393392,2010700,10.2485267743,19515
8,YUMBEL,0.0727223476693885,0.2702122605311852,1.0,0.0,0.6282051282051282,0.0669998551354483,0.2270053912759353,0.7729946087240647,0.4841327997294403,0.5158672002705598,0.4962047803617571,2179600,0.0,22174
16,YUNGAY,0.0591531020555063,0.3809104155411636,0.0,0.0,0.6152121266481299,0.0887075073997668,0.2430681276798475,0.7569318723201525,0.4841567291311754,0.5158432708688245,0.4112224910703998,2195600,0.0,18730
5,ZAPALLAR,0.0713627104479805,0.5818603901669155,1.0,1.0,0.6844319775596073,0.0,0.2558823529411764,0.7441176470588236,0.5015398829688944,0.4984601170311056,0.3737133808392716,30898900,0.0,8194
16,ÑIQUEN,0.0650906972525591,0.3279288716707113,1.0,1.0,0.7593887593887594,0.0524475524475524,0.2161675666830306,0.7838324333169694,0.4928209003562561,0.507179099643744,0.2819390402075227,413300,0.0,11554
13,ÑUÑOA,0.0696362992678737,0.1403838869014078,0.0,0.0,0.4905411054029637,0.0226190957755214,0.2495902697315891,0.7504097302684108,0.4812286375408848,0.5187713624591151,0.5729293441514537,134433500,1.1551256777,259712
