Comuna,Poblacion 2021_hombre,Poblacion 2021_mujer,Poblacion 2022_hombre,Poblacion 2022_mujer
Algarrobo,0.49026606099935105,0.5097339390006489,0.49048642623994904,0.5095135737600509
Alhué,0.5071550255536627,0.4928449744463373,0.5072852118573103,0.49271478814268965
Alto Biobío,0.5074978577549272,0.4925021422450728,0.5078891257995736,0.49211087420042643
Alto Hospicio,0.500423100170339,0.49957689982966097,0.5000535320442817,0.4999464679557183
Alto del Carmen,0.5244802146210596,0.4755197853789403,0.5246776345042241,0.4753223654957759
Ancud,0.49422157681369877,0.5057784231863012,0.4942511437515049,0.5057488562484951
Andacollo,0.4922101046071667,0.5077898953928333,0.49229916897506926,0.5077008310249308
Angol,0.47595096617227345,0.5240490338277266,0.47547687089054624,0.5245231291094538
Antofagasta,0.497452020140595,0.502547979859405,0.4972438226198697,0.5027561773801303
Antuco,0.483338248304335,0.516661751695665,0.48327464788732394,0.516725352112676
Antártica,0.6967213114754098,0.30327868852459017,0.696,0.304
Arauco,0.48423201224698076,0.5157679877530192,0.48406307098869866,0.5159369290113014
Arica,0.49853819011487543,0.5014618098851246,0.49937431606724925,0.5006256839327508
Aysén,0.5077837837837837,0.4922162162162162,0.5070823049683443,0.4929176950316558
Buin,0.49330911871535077,0.5066908812846492,0.4937190489012726,0.5062809510987274
Bulnes,0.47815465030396,0.52184534969604,0.47759507261117706,0.5224049273888229
Cabildo,0.48891459417775207,0.5110854058222479,0.4893154190658989,0.5106845809341011
Cabo de Hornos,0.5358680057388809,0.46413199426111906,0.5367594575303355,0.4632405424696645
Cabrero,0.4867349951495213,0.5132650048504788,0.48634040056984834,0.5136595994301517
Calama,0.5006156256995746,0.4993843743004253,0.5002943926852076,0.49970560731479235
Calbuco,0.5022546325653491,0.49774536743465086,0.5022124664645831,0.4977875335354169
Caldera,0.5107419864094996,0.48925801359050036,0.5102651257647859,0.4897348742352141
Calera,0.48448971653619877,0.5155102834638012,0.4846218995765275,0.5153781004234724
Calera de Tango,0.49737009159336176,0.5026299084066382,0.49757054339588996,0.50242945660411
Calle Larga,0.4891495133237594,0.5108504866762407,0.488828125,0.511171875
Camarones,0.5170731707317073,0.48292682926829267,0.5140640155189137,0.4859359844810863
Camiña,0.5239005736137667,0.47609942638623326,0.5219047619047619,0.4780952380952381
Canela,0.49476987447698745,0.5052301255230126,0.4950430472214975,0.5049569527785025
Carahue,0.4960329726944874,0.5039670273055126,0.49617811522084854,0.5038218847791515
Cartagena,0.49187888510126326,0.5081211148987367,0.49193944755725943,0.5080605524427406
Casablanca,0.491967516991791,0.508032483008209,0.491887424420375,0.5081125755796251
Castro,0.48779955237731315,0.5122004476226868,0.4875347756799827,0.5124652243200173
Catemu,0.49582267689684567,0.5041773231031543,0.49603776766143987,0.5039622323385601
Cauquenes,0.4787561755303691,0.5212438244696309,0.47861024395883917,0.5213897560411608
Cañete,0.48015844174722,0.51984155825278,0.47990185465829543,0.5200981453417045
Cerrillos,0.4902492031295277,0.5097507968704723,0.49038849501412185,0.5096115049858781
Cerro Navia,0.49543273373790153,0.5045672662620985,0.49581102247477504,0.504188977525225
Chaitén,0.5259984928409948,0.4740015071590053,0.5250311332503114,0.4749688667496887
Chanco,0.4956319956319956,0.5043680043680043,0.49556918882072254,0.5044308111792775
Chañaral,0.5045449796259533,0.4954550203740466,0.5041279130525655,0.4958720869474344
Chiguayante,0.474414875661078,0.525585124338922,0.4740981220788671,0.525901877921133
Chile Chico,0.5122745490981964,0.4877254509018036,0.5114370959721531,0.48856290402784686
Chillán,0.46446820193146215,0.5355317980685378,0.4632271596569872,0.5367728403430128
Chillán Viejo,0.4645975926362993,0.5354024073637007,0.4638572865877254,0.5361427134122746
Chimbarongo,0.5015547582436357,0.49844524175636423,0.5015420069813943,0.49845799301860577
Cholchol,0.48945652173913046,0.5105434782608695,0.4894578313253012,0.5105421686746988
Chonchi,0.49761847097763784,0.5023815290223621,0.4969992798271585,0.5030007201728415
Chépica,0.503789074834228,0.49621092516577203,0.5038395235856449,0.4961604764143551
Cisnes,0.5217391304347826,0.4782608695652174,0.5211330935251799,0.47886690647482016
Cobquecura,0.4921286789869952,0.5078713210130048,0.49099612491452016,0.5090038750854798
Cochamó,0.5249311716121138,0.4750688283878862,0.5250917992656059,0.4749082007343941
Cochrane,0.5182012847965739,0.4817987152034261,0.5175097276264592,0.48249027237354086
Codegua,0.5072437021315862,0.4927562978684138,0.5070140280561122,0.49298597194388777
Coelemu,0.48270356572645023,0.5172964342735498,0.4822888283378747,0.5177111716621253
Coihueco,0.485042636552201,0.5149573634477991,0.48406683710737763,0.5159331628926224
Coinco,0.5067698259187621,0.4932301740812379,0.5071029529130088,0.4928970470869912
Colbún,0.4871546015071934,0.5128453984928065,0.4868443292579864,0.5131556707420136
Colchane,0.5242255758538522,0.47577442414614773,0.524341580207502,0.475658419792498
Colina,0.49733180428134555,0.5026681957186544,0.4975598471733031,0.502440152826697
Collipulli,0.4829086071026507,0.5170913928973493,0.482273466070703,0.517726533929297
Coltauco,0.5030674846625767,0.49693251533742333,0.5028458450662033,0.49715415493379667
Combarbalá,0.48892291066282423,0.5110770893371758,0.48882305413412336,0.5111769458658767
Concepción,0.48180536542508634,0.5181946345749137,0.48162353814928044,0.5183764618507195
Conchalí,0.49252387448840385,0.5074761255115962,0.4927885493117172,0.5072114506882828
Concón,0.4807361350136013,0.5192638649863988,0.48083128247197154,0.5191687175280284
Constitución,0.4925384960777581,0.5074615039222419,0.4924262346815337,0.5075737653184663
Contulmo,0.4923234390992835,0.5076765609007164,0.49185999185999185,0.5081400081400081
Copiapó,0.5004805926527933,0.4995194073472067,0.5000891258689772,0.49991087413102275
Coquimbo,0.4816801259586571,0.5183198740413428,0.48145734891817954,0.5185426510818204
Coronel,0.479706385793945,0.520293614206055,0.4793248330802671,0.5206751669197329
Corral,0.49420491423273066,0.5057950857672694,0.49398148148148147,0.5060185185185185
Coyhaique,0.49234266042898756,0.5076573395710124,0.4915525014225062,0.5084474985774937
Cunco,0.4946122217496101,0.5053877782503899,0.4947033898305085,0.5052966101694916
Curacautín,0.4774870594908885,0.5225129405091116,0.4775213494248006,0.5224786505751994
Curacaví,0.4952041751886593,0.5047958248113407,0.49557122512070584,0.5044287748792942
Curaco de Vélez,0.4887242268041237,0.5112757731958762,0.48835725677830943,0.5116427432216906
Curanilahue,0.4838621869653134,0.5161378130346865,0.48379100662302954,0.5162089933769705
Curarrehue,0.49791883454734653,0.5020811654526535,0.49827645639434676,0.5017235436056532
Curepto,0.49733662465895806,0.502663375341042,0.49713093375065204,0.5028690662493479
Curicó,0.4843958157610538,0.5156041842389462,0.48422548775941343,0.5157745122405866
Dalcahue,0.493409642733264,0.5065903572667361,0.49301089100420203,0.506989108995798
Diego de Almagro,0.5100980392156863,0.48990196078431375,0.5098638784770172,0.49013612152298286
Doñihue,0.49784594175426505,0.502154058245735,0.49779086892488955,0.5022091310751104
El Bosque,0.4907289680016953,0.5092710319983047,0.49096394675399496,0.509036053246005
El Carmen,0.48529716297370057,0.5147028370262995,0.48489238410596025,0.5151076158940397
El Monte,0.4941094941094941,0.5058905058905059,0.4945897644191714,0.5054102355808286
El Quisco,0.49001248439450684,0.5099875156054932,0.49030282408982645,0.5096971759101735
El Tabo,0.4945528249303268,0.5054471750696732,0.4944863609982589,0.5055136390017412
Empedrado,0.5061804697156984,0.4938195302843016,0.5055589870290302,0.49444101297096976
Ercilla,0.4871835950016021,0.512816404998398,0.48664213725803873,0.5133578627419613
Estación Central,0.5022679061104117,0.49773209388958833,0.5025290243736845,0.4974709756263154
Florida,0.49353762768396914,0.5064623723160309,0.4936708860759494,0.5063291139240507
Freire,0.4924238585111235,0.5075761414888765,0.49235196122974406,0.507648038770256
Freirina,0.5066086956521739,0.4933913043478261,0.5063815108658158,0.4936184891341842
Fresia,0.5008008008008008,0.4991991991991992,0.5007484283005688,0.4992515716994312
Frutillar,0.4950532967383673,0.5049467032616327,0.495364238410596,0.5046357615894039
Futaleufú,0.5118145341061079,0.4881854658938921,0.5112087912087913,0.4887912087912088
Futrono,0.4927118792004888,0.5072881207995112,0.49246843709185895,0.507531562908141
Galvarino,0.4952835188129306,0.5047164811870695,0.49513947590870666,0.5048605240912933
General Lagos,0.5542347696879644,0.4457652303120357,0.555886736214605,0.44411326378539495
Gorbea,0.48621637378196053,0.5137836262180395,0.48632926119837117,0.5136707388016288
Graneros,0.498434769947583,0.501565230052417,0.4984396857849995,0.5015603142150006
Guaitecas,0.5380116959064327,0.4619883040935672,0.5389072847682119,0.4610927152317881
Hijuelas,0.49522314726354577,0.5047768527364542,0.4953619066964588,0.5046380933035411
Hualaihué,0.5137005258787711,0.48629947412122887,0.5133278373179445,0.4866721626820555
Hualañé,0.4961869618696187,0.5038130381303813,0.4961392327491114,0.5038607672508886
Hualpén,0.47544060903118157,0.5245593909688184,0.4751838354494404,0.5248161645505596
Hualqui,0.4787180771156735,0.5212819228843265,0.4780127059757792,0.5219872940242207
Huara,0.5229074889867842,0.47709251101321587,0.5228758169934641,0.477124183006536
Huasco,0.505795574288725,0.49420442571127504,0.5055619930475087,0.4944380069524913
Huechuraba,0.48866361197502434,0.5113363880249757,0.4890649317216443,0.5109350682783557
Illapel,0.48182400512450957,0.5181759948754905,0.48173816067232245,0.5182618393276776
Independencia,0.49997504076674765,0.5000249592332524,0.5004088708622269,0.49959112913777315
Iquique,0.5003594825751606,0.4996405174248394,0.5000369576465371,0.49996304235346295
Isla de Maipo,0.49563054364546855,0.5043694563545315,0.495906658931219,0.504093341068781
Isla de Pascua,0.48940208794685225,0.5105979120531478,0.48947042427996285,0.5105295757200372
Juan Fernández,0.5201465201465202,0.47985347985347987,0.5203836930455635,0.47961630695443647
La Cisterna,0.48943875217837324,0.5105612478216268,0.4898768472906404,0.5101231527093596
La Cruz,0.4805872925606162,0.5194127074393837,0.48074989947728186,0.5192501005227181
La Estrella,0.5139489194499017,0.4860510805500982,0.5137470542026709,0.48625294579732914
La Florida,0.4854682353528296,0.5145317646471704,0.4859959939754359,0.5140040060245641
La Granja,0.4915147309318024,0.5084852690681976,0.49201835250338294,0.507981647496617
La Higuera,0.5067024128686327,0.4932975871313673,0.5066469719350074,0.4933530280649926
La Ligua,0.48841178277639347,0.5115882172236065,0.48846349313908183,0.5115365068609182
La Pintana,0.49297240646624746,0.5070275935337526,0.4932587492828457,0.5067412507171544
La Reina,0.4779529243039917,0.5220470756960083,0.47863441672965484,0.5213655832703452
La Serena,0.48024491562986404,0.519755084370136,0.48008547785759753,0.5199145221424025
La Unión,0.4827529781384998,0.5172470218615002,0.4824844396650047,0.5175155603349952
Lago Ranco,0.4965986394557823,0.5034013605442177,0.49673366834170857,0.5032663316582915
Lago Verde,0.5327102803738317,0.4672897196261682,0.5312084993359893,0.46879150066401065
Laguna Blanca,0.6183574879227053,0.38164251207729466,0.625,0.375
Laja,0.4824787496572525,0.5175212503427474,0.48255909165347455,0.5174409083465255
Lampa,0.4978793312645628,0.5021206687354371,0.4980553244592346,0.5019446755407654
Lanco,0.4794336810730253,0.5205663189269747,0.4789928376282951,0.521007162371705
Las Cabras,0.5072822465492622,0.49271775345073776,0.5071660166345566,0.4928339833654434
Las Condes,0.47833157078908867,0.5216684292109114,0.4788766692570217,0.5211233307429783
Lautaro,0.4825040650406504,0.5174959349593496,0.4822204344328238,0.5177795655671762
Lebu,0.48387255869007695,0.516127441309923,0.48394225103123156,0.5160577489687684
Licantén,0.4982786736727668,0.5017213263272332,0.4982842694599964,0.5017157305400036
Limache,0.4816220122864075,0.5183779877135924,0.4813152054689692,0.5186847945310308
Linares,0.47552339703633256,0.5244766029636675,0.4748677248677249,0.5251322751322751
Litueche,0.5033654720756776,0.49663452792432233,0.5033339340421698,0.49666606595783025
Llaillay,0.4901623216920807,0.5098376783079194,0.49036027263875365,0.5096397273612463
Llanquihue,0.4955091888904242,0.5044908111095758,0.495580072637566,0.504419927362434
Lo Barnechea,0.47236708321033816,0.5276329167896618,0.4732014873093711,0.5267985126906288
Lo Espejo,0.49673960476279533,0.5032603952372047,0.49687468621347525,0.5031253137865247
Lo Prado,0.49066344993968636,0.5093365500603136,0.4908927857290013,0.5091072142709987
Lolol,0.5078720162519045,0.49212798374809547,0.5079684616675054,0.4920315383324945
Loncoche,0.48571276821754833,0.5142872317824516,0.4856191181135667,0.5143808818864334
Longaví,0.49963108228806646,0.5003689177119335,0.49951921227739526,0.5004807877226047
Lonquimay,0.5057845263919016,0.4942154736080983,0.505756776205325,0.494243223794675
Los Andes,0.48567274953135164,0.5143272504686484,0.485569793528271,0.514430206471729
Los Angeles,0.47949644621129983,0.5205035537887002,0.479124904543719,0.5208750954562811
Los Lagos,0.49170389278876836,0.5082961072112316,0.49157499841037705,0.5084250015896229
Los Muermos,0.5098039215686274,0.49019607843137253,0.5097493036211699,0.49025069637883006
Los Sauces,0.4942627162185306,0.5057372837814694,0.4943628288349846,0.5056371711650154
Los Vilos,0.4976877339792997,0.5023122660207003,0.497855940943386,0.502144059056614
Los Álamos,0.48145687364097606,0.5185431263590239,0.48116653691837835,0.5188334630816217
Lota,0.48267319764659516,0.5173268023534049,0.48255699547409553,0.5174430045259045
Lumaco,0.5023709167544784,0.4976290832455216,0.5022386094284962,0.4977613905715038
Machalí,0.49375548504691824,0.5062445149530818,0.4935512930371542,0.5064487069628458
Macul,0.4860385760705267,0.5139614239294733,0.48648090259063637,0.5135190974093636
Maipú,0.4852331388853316,0.5147668611146684,0.4853378011428974,0.5146621988571026
Malloa,0.501788908765653,0.49821109123434704,0.5017787264318748,0.49822127356812523
Marchihue,0.5075523794055546,0.49244762059444536,0.5074337427278603,0.49256625727213965
Mariquina,0.48875302803091475,0.5112469719690852,0.4878869064584165,0.5121130935415835
María Elena,0.5212890625,0.4787109375,0.5208127835865062,0.47918721641349377
María Pinto,0.4978888410168031,0.5021111589831969,0.49711179068977235,0.5028882093102277
Maule,0.4807705336374517,0.5192294663625483,0.4802198518389781,0.5197801481610219
Maullín,0.5049945437757072,0.4950054562242928,0.5050691244239631,0.4949308755760369
Mejillones,0.532816852367688,0.467183147632312,0.5318767602628659,0.4681232397371341
Melipeuco,0.4943659086252817,0.5056340913747183,0.494299674267101,0.505700325732899
Melipilla,0.4955185425441522,0.5044814574558478,0.49579453559786035,0.5042054644021396
Molina,0.4860006198987499,0.5139993801012501,0.48571864976325035,0.5142813502367497
Monte Patria,0.4904941424459848,0.5095058575540151,0.49055613850996854,0.5094438614900315
Mostazal,0.5003577732194819,0.49964222678051806,0.5003530242409979,0.49964697575900213
Mulchén,0.4883326262197709,0.5116673737802291,0.48848899590250494,0.5115110040974951
Máfil,0.49415308291991494,0.505846917080085,0.49425693585439123,0.5057430641456088
Nacimiento,0.48923512747875353,0.5107648725212465,0.4891646688290321,0.5108353311709679
Nancagua,0.49812181379125303,0.501878186208747,0.4978446846607865,0.5021553153392134
Natales,0.507582988652031,0.49241701134796906,0.5077486910994764,0.49225130890052354
Navidad,0.5086251960271825,0.4913748039728176,0.5089500860585198,0.49104991394148023
Negrete,0.4893483709273183,0.5106516290726817,0.4893564048300759,0.5106435951699241
Ninhue,0.4870144794300161,0.5129855205699839,0.48679071904433724,0.5132092809556628
Nogales,0.48874651810584957,0.5112534818941504,0.48882604114678646,0.5111739588532136
Nueva Imperial,0.48424919878058315,0.5157508012194169,0.4840601095018056,0.5159398904981943
O'Higgins,0.5515267175572519,0.4484732824427481,0.5480225988700564,0.4519774011299435
Olivar,0.5005793742757821,0.49942062572421786,0.5005294740557713,0.49947052594422875
Ollagüe,0.5333333333333333,0.4666666666666667,0.5315315315315315,0.46846846846846846
Olmué,0.4911856881692348,0.5088143118307652,0.49106568967733644,0.5089343103226636
Osorno,0.48389514776387466,0.5161048522361253,0.48375018390466384,0.5162498160953362
Ovalle,0.4830174761073083,0.5169825238926917,0.4831435324452084,0.5168564675547915
Padre Hurtado,0.4923468492188871,0.5076531507811128,0.49249187617581663,0.5075081238241833
Padre Las Casas,0.48121744791666665,0.5187825520833333,0.4807840616966581,0.5192159383033419
Paiguano,0.49474251819897547,0.5052574818010246,0.4944995975315267,0.5055004024684733
Paillaco,0.48613366645846345,0.5138663335415365,0.48588835011811515,0.5141116498818848
Paine,0.49904385618332675,0.5009561438166733,0.49929379627186515,0.5007062037281348
Palena,0.5034153005464481,0.49658469945355194,0.5061475409836066,0.49385245901639346
Palmilla,0.5041532943175382,0.49584670568246175,0.5040216984661429,0.4959783015338571
Panguipulli,0.4909283007869426,0.5090716992130574,0.4907185845841491,0.5092814154158509
Panquehue,0.4924229524944662,0.5075770475055338,0.49206884913938576,0.5079311508606142
Papudo,0.49785232153814685,0.5021476784618532,0.4979806138933764,0.5020193861066236
Paredones,0.5141980046047583,0.48580199539524177,0.5136328725038403,0.48636712749615973
Parral,0.48176438004722894,0.518235619952771,0.4814301392017559,0.5185698607982441
Pedro Aguirre Cerda,0.4927257017420952,0.5072742982579048,0.49305278006347714,0.5069472199365228
Pelarco,0.4929597100237,0.5070402899763,0.4922843758611188,0.5077156241388813
Pelluhue,0.4931828866948754,0.5068171133051246,0.4929686292690465,0.5070313707309535
Pemuco,0.4813427244118088,0.5186572755881912,0.4812986235786954,0.5187013764213046
Pencahue,0.5016110134739309,0.4983889865260691,0.5013858497447119,0.4986141502552881
Penco,0.4787088444157521,0.5212911555842479,0.4784653338130236,0.5215346661869764
Peralillo,0.5053945419928073,0.49460545800719274,0.505338078291815,0.49466192170818507
Perquenco,0.49442311208630463,0.5055768879136954,0.49436363636363634,0.5056363636363637
Petorca,0.49369066218002644,0.5063093378199736,0.4937813920114805,0.5062186079885195
Peumo,0.503685293109359,0.49631470689064106,0.503581784069589,0.4964182159304111
Peñaflor,0.4886131595718392,0.5113868404281608,0.4891751059444096,0.5108248940555904
Peñalolén,0.4886810139247085,0.5113189860752916,0.48917799034291803,0.5108220096570819
Pica,0.5036609718216108,0.49633902817838915,0.5036002618372245,0.4963997381627755
Pichidegua,0.5050103873884884,0.4949896126115117,0.5048820425738371,0.4951179574261629
Pichilemu,0.5007015574575557,0.4992984425424442,0.500758934731613,0.4992410652683869
Pinto,0.48303119730185495,0.516968802698145,0.4824598037168511,0.5175401962831488
Pirque,0.49985247629083246,0.5001475237091676,0.500309061688713,0.4996909383112869
Pitrufquen,0.47758765225109717,0.5224123477489028,0.47728273096297746,0.5227172690370225
Placilla,0.5005538631957906,0.49944613680420935,0.5008255365987893,0.4991744634012108
Portezuelo,0.48884381338742394,0.5111561866125761,0.48756976154236426,0.5124302384576357
Porvenir,0.5486481832271397,0.45135181677286035,0.5481569560047562,0.4518430439952438
Pozo Almonte,0.5369302472549174,0.46306975274508255,0.5362060962401362,0.46379390375986385
Primavera,0.5866900175131349,0.4133099824868651,0.5845070422535211,0.4154929577464789
Providencia,0.4808391122435684,0.5191608877564317,0.48142923633239054,0.5185707636676095
Puchuncaví,0.49293364598517014,0.5070663540148298,0.49292967046657943,0.5070703295334206
Pucón,0.4895138858227736,0.5104861141772263,0.48914989302711437,0.5108501069728857
Pudahuel,0.4877686263857354,0.5122313736142645,0.48805786677232227,0.5119421332276777
Puente Alto,0.4863197762451236,0.5136802237548763,0.48678395496129484,0.5132160450387051
Puerto Montt,0.49319283804050806,0.5068071619594919,0.4930335080136174,0.5069664919863826
Puerto Octay,0.5102840352595495,0.48971596474045054,0.5101356074374388,0.48986439256256115
Puerto Varas,0.49289048666630897,0.507109513333691,0.4927578215527231,0.5072421784472769
Pumanque,0.5075681130171544,0.4924318869828456,0.5070469798657719,0.4929530201342282
Punitaqui,0.49097394876229594,0.5090260512377041,0.49096353331194525,0.5090364666880548
Punta Arenas,0.5017704087548274,0.49822959124517263,0.5019870707927088,0.49801292920729123
Puqueldón,0.48884260636715265,0.5111573936328474,0.4887240356083086,0.5112759643916914
Purranque,0.4919241787042116,0.5080758212957884,0.49210590235608453,0.5078940976439155
Purén,0.4798196650923143,0.5201803349076857,0.4801842330762639,0.5198157669237361
Putaendo,0.4906637490882568,0.5093362509117433,0.4906697526399537,0.5093302473600463
Putre,0.5836538461538462,0.41634615384615387,0.5834127740705434,0.41658722592945663
Puyehue,0.503134457414613,0.49686554258538695,0.5031169389509889,0.4968830610490112
Queilén,0.5026800279655093,0.4973199720344908,0.5028982146997449,0.49710178530025506
Quellón,0.507182270053354,0.492817729946646,0.5071203244704822,0.4928796755295178
Quemchi,0.5067919075144509,0.49320809248554914,0.507269324888441,0.49273067511155894
Quilaco,0.49392592592592593,0.5060740740740741,0.4946871310507674,0.5053128689492326
Quilicura,0.49446098868374033,0.5055390113162597,0.4947424565681195,0.5052575434318806
Quilleco,0.4896691595893016,0.5103308404106984,0.4898165717900063,0.5101834282099936
Quillota,0.48225774620090783,0.5177422537990921,0.48232723867980964,0.5176727613201904
Quillón,0.4806864109189691,0.519313589081031,0.480110098957992,0.5198899010420079
Quilpué,0.47595210715010483,0.5240478928498952,0.4759981588442293,0.5240018411557706
Quinchao,0.4921838724655626,0.5078161275344374,0.4925027052094605,0.5074972947905395
Quinta Normal,0.48955524395067057,0.5104447560493295,0.4898845602698637,0.5101154397301363
Quinta de Tilcoco,0.5033777615482928,0.49662223845170717,0.5032065757384157,0.4967934242615843
Quintero,0.49130357460430374,0.5086964253956963,0.49138772663877267,0.5086122733612274
Quirihue,0.48200394149984443,0.5179960585001556,0.4817797047589553,0.5182202952410447
Rancagua,0.4910640208489912,0.5089359791510087,0.49096301297198247,0.5090369870280176
Rauco,0.488773552973034,0.5112264470269661,0.48865406006674084,0.5113459399332592
Recoleta,0.49510071120801535,0.5048992887919846,0.49522854774344044,0.5047714522565595
Renaico,0.4807692307692308,0.5192307692307693,0.48049921996879874,0.5195007800312013
Renca,0.49099476267875025,0.5090052373212497,0.49120514788743896,0.508794852112561
Rengo,0.49580500949231426,0.5041949905076857,0.4957125274902649,0.504287472509735
Requínoa,0.500928124325491,0.49907187567450895,0.5008296107211232,0.49917038927887686
Retiro,0.49402704505487843,0.5059729549451216,0.49383532808083236,0.5061646719191676
Rinconada,0.4896519285042333,0.5103480714957667,0.48956531765248473,0.5104346823475153
Romeral,0.493703967688287,0.506296032311713,0.4932864949258392,0.5067135050741608
Ránquil,0.47953100158982515,0.5204689984101749,0.47877591312931883,0.5212240868706811
Río Bueno,0.489586969168121,0.5104130308318789,0.4894710405316642,0.5105289594683359
Río Claro,0.5043739279588336,0.4956260720411664,0.5043359972793743,0.4956640027206257
Río Hurtado,0.4928977272727273,0.5071022727272727,0.49161693662972433,0.5083830633702756
Río Ibáñez,0.5186852769022963,0.48131472309770373,0.5187667560321716,0.4812332439678284
Río Negro,0.49879668419645246,0.5012033158035476,0.4987992528684515,0.5012007471315485
Río Verde,0.6615384615384615,0.3384615384615385,0.6597938144329897,0.3402061855670103
Saavedra,0.493657832319274,0.506342167680726,0.4937204035412806,0.5062795964587193
Sagrada Familia,0.49732759744492244,0.5026724025550776,0.49721574721574724,0.5027842527842528
Salamanca,0.4957527240382477,0.5042472759617522,0.4958182938638965,0.5041817061361036
San Antonio,0.4859140778844995,0.5140859221155005,0.48609486334148677,0.5139051366585132
San Bernardo,0.4920297175401895,0.5079702824598106,0.49215454234502715,0.5078454576549728
San Carlos,0.4744289744289744,0.5255710255710255,0.47383399209486166,0.5261660079051383
San Clemente,0.49472028757582565,0.5052797124241744,0.4943271658021027,0.5056728341978973
San Esteban,0.488189475017415,0.5118105249825851,0.4881938820011214,0.5118061179988785
San Fabián,0.4868883482022168,0.5131116517977832,0.48505072076882005,0.51494927923118
San Felipe,0.48371656499296106,0.516283435007039,0.48383411049007197,0.516165889509928
San Fernando,0.488336260313463,0.511663739686537,0.48815569607811016,0.5118443039218898
San Gregorio,0.5959780621572212,0.4040219378427788,0.5959409594095941,0.4040590405904059
San Ignacio,0.48579067990832697,0.5142093200916731,0.4856402833853889,0.5143597166146111
San Javier,0.4828382491865225,0.5171617508134775,0.4823657361851986,0.5176342638148014
San Joaquín,0.48879917581101157,0.5112008241889885,0.4889618245630847,0.5110381754369153
San José de Maipo,0.4944979837331693,0.5055020162668307,0.4949740268501653,0.5050259731498347
San Juan de la Costa,0.519127462152043,0.480872537847957,0.5186152841280209,0.4813847158719791
San Miguel,0.48408454747721236,0.5159154525227876,0.4845534445555497,0.5154465554444503
San Nicolás,0.4815582262743473,0.5184417737256527,0.4808205128205128,0.5191794871794871
San Pablo,0.4973759541984733,0.5026240458015268,0.49732874272824407,0.5026712572717559
San Pedro,0.5134264232008593,0.4865735767991407,0.5132359169843287,0.4867640830156713
San Pedro de Atacama,0.5018067935437244,0.4981932064562756,0.5017776724342261,0.4982223275657739
San Pedro de la Paz,0.4742739870325639,0.5257260129674362,0.47379608459559874,0.5262039154044013
San Rafael,0.49264705882352944,0.5073529411764706,0.49242129809560825,0.5075787019043918
San Ramón,0.4927961619261886,0.5072038380738114,0.49313013739725203,0.5068698626027479
San Rosendo,0.47947629157820243,0.5205237084217976,0.48107534488857445,0.5189246551114255
San Vicente,0.49608296087982723,0.5039170391201727,0.49610421836228286,0.5038957816377171
Santa Bárbara,0.488045132981105,0.5119548670188949,0.48796147672552165,0.5120385232744783
Santa Cruz,0.493953488372093,0.5060465116279069,0.493616239551759,0.5063837604482411
Santa Juana,0.4845244305338202,0.5154755694661798,0.48452360366591735,0.5154763963340827
Santa María,0.48942741743882157,0.5105725825611784,0.4896346710474849,0.5103653289525151
Santiago,0.5044594814390656,0.49554051856093434,0.505314905122987,0.4946850948770129
Santo Domingo,0.49441340782122906,0.505586592178771,0.49451013513513514,0.5054898648648649
Sierra Gorda,0.5412979351032449,0.45870206489675514,0.539810080350621,0.4601899196493791
Talagante,0.4917731041326547,0.5082268958673453,0.49191649414479194,0.508083505855208
Talca,0.47758445209131006,0.5224155479086899,0.4769441062770979,0.5230558937229021
Talcahuano,0.4793949757942147,0.5206050242057852,0.4792772453987239,0.5207227546012761
Taltal,0.5101778656126482,0.4898221343873518,0.5096887844979449,0.4903112155020552
Temuco,0.47489984101748806,0.5251001589825119,0.4745220385732846,0.5254779614267154
Teno,0.49576603742409847,0.5042339625759015,0.4956301560075145,0.5043698439924855
Teodoro Schmidt,0.49865558543143484,0.5013444145685652,0.49853801169590645,0.5014619883040936
Tierra Amarilla,0.5253200840817887,0.47467991591821135,0.5250190258751902,0.4749809741248097
Tiltil,0.500090991810737,0.499909008189263,0.5,0.5
Timaukel,0.6666666666666666,0.3333333333333333,0.6694214876033058,0.3305785123966942
Tirúa,0.4988780852655198,0.5011219147344802,0.4984520123839009,0.5015479876160991
Tocopilla,0.4932504612994076,0.5067495387005924,0.4932523616734143,0.5067476383265856
Toltén,0.49460968957007406,0.505390310429926,0.4943499155734511,0.5056500844265489
Tomé,0.47479745057794104,0.525202549422059,0.4747034044016506,0.5252965955983494
Torres del Paine,0.5723140495867769,0.42768595041322316,0.5717192268565615,0.42828077314343843
Tortel,0.5288683602771362,0.47113163972286376,0.5272727272727272,0.4727272727272727
Traiguén,0.4746038195855343,0.5253961804144657,0.4746506447039762,0.5253493552960238
Treguaco,0.48423373759647187,0.5157662624035281,0.4842381786339755,0.5157618213660246
Tucapel,0.4854614412136536,0.5145385587863464,0.48510709504685406,0.5148929049531459
Valdivia,0.4790943127117133,0.5209056872882867,0.47829494584327736,0.5217050541567226
Vallenar,0.49533810510453946,0.5046618948954605,0.4953693934491571,0.5046306065508429
Valparaíso,0.48585158348776025,0.5141484165122397,0.48600514925343713,0.5139948507465629
Vichuquén,0.5065045248868778,0.4934954751131222,0.5062217194570136,0.49377828054298645
Victoria,0.47749418266433974,0.5225058173356603,0.47750814922129664,0.5224918507787034
Vicuña,0.4910733965175226,0.5089266034824774,0.4907249792676007,0.5092750207323993
Vilcún,0.48689637394741364,0.5131036260525863,0.4863816510667004,0.5136183489332996
Villa Alegre,0.483598192156291,0.516401807843709,0.4829127613554434,0.5170872386445566
Villa Alemana,0.4755533531549389,0.5244466468450611,0.47583438571170844,0.5241656142882916
Villarrica,0.48288312382990106,0.5171168761700989,0.4827472091073556,0.5172527908926444
Vitacura,0.4685187337750397,0.5314812662249603,0.4692796473636047,0.5307203526363953
Viña del Mar,0.4770581054106349,0.5229418945893651,0.47673302182679383,0.5232669781732062
Yerbas Buenas,0.49499458874458874,0.5050054112554112,0.49481570673623654,0.5051842932637635
Yumbel,0.4842653384650215,0.5157346615349785,0.4841327997294403,0.5158672002705598
Yungay,0.48438893844781444,0.5156110615521855,0.48415672913117547,0.5158432708688245
Zapallar,0.5017977176801626,0.49820228231983743,0.5015398829688944,0.49846011703110565
Ñiquén,0.49263591076456575,0.5073640892354343,0.4928209003562561,0.507179099643744
Ñuñoa,0.48048952782832843,0.5195104721716716,0.4812286375408848,0.5187713624591151
